company_name_main,appl_id_main,customer_id_main,Branche_main,PiekAansluiting_main,ICT_METER_main,type_flex_main,type_appl_main,model_bat,charge_KW_bat,size_kWh_bat,start_time_bat,end_time_bat,SOC_eind_1_bat,start_time2_bat,end_time2_bat,SOC_eind_2_bat,kwh_costs_bat,efficiency_bat,IP_bat,ICT_APPL_bat,functie_batterij_bat,Remarks_bat,model_ev,aantal_palen_ev,charge_KW_ev,size_kWh_ev,start_time_ev,end_time_ev,IP_ev,ICT_APPL_ev,Remarks_ev,model_ac,aantal_ac,cap_1_ac,cap_alle_ac,start_time_ac,end_time_ac,min_temp_ac,max_temp_ac,IP_ac,ICT_APPL_ac,Remarks_ac,model_kc,verbruik_kc,min_temp_kc,max_temp_kc,IP_kc,ICT_APPL_kc,Remarks_kc,model_wp,aantal_wp,cap_1_wp,cap_alle_wp,start_time_wp,end_time_wp,min_temp_wp,max_temp_wp,IP_wp,ICT_APPL_wp,buffer_ja_buf,buffer_nee_buf,model_buf,charge_KW_buf,size_kWh_buf,IP_buf,ICT_APPL_buf,Remarks_wp_buf,model_wwb,cap_liters_wwb,cap_kw_wwb,min_temp_wwb,max_temp_wwb,IP_wwb,ICT_APPL_wwb,Remarks_wwb,appl_overig,model_overig,functie_overig,charge_KW_overig,size_kWh_overig,start_time_overig,end_time_overig,end_state_1_overig,start_time2_overig,end_time2_overig,end_state_2_overig,start_time_overig0,end_time_overig1,min_temp_overig,max_temp_overig,IP_overig,ICT_APPL_overig,Remarks_overig,model_zon,kwp_zon,m2_zon,IP_zon,ICT_APPL_zon,remarks_zon
com11,6gF8qU1o,0108,Artificial Intelligence Solutions,241,http://example108.int,Limiteren van gebruik,AC,,,,,,,,,,,,,,,,,,,,,,,,,g19,1,10,10,08:00,17:00,20,22,192.168.x.x,www.987.nl,,,,,,,,,,,,,,,,,,,,,,,,,,,,,,,,,,,,,,,,,,,,,,,,,,,,,,,,,,
com19,mV7oR3lX,0115,Logistics and Transportation,328,http://example115.online,Beide,AC,,,,,,,,,,,,,,,,,,,,,,,,,g18,1,10,10,08:00,17:00,20,22,192.168.x.x,www.987.nl,,,,,,,,,,,,,,,,,,,,,,,,,,,,,,,,,,,,,,,,,,,,,,,,,,,,,,,,,,
com24,vD9jF4rW,0012,Biotechnology,371,http://example12.ca,Naar voren schuiven,AC,,,,,,,,,,,,,,,,,,,,,,,,,g33,2,10,10,08:00,17:00,20,22,192.168.x.x,www.987.nl,,,,,,,,,,,,,,,,,,,,,,,,,,,,,,,,,,,,,,,,,,,,,,,,,,,,,,,,,,
com30,cK9nE3gB,0125,Renewable Energy Solutions,365,http://example125.social,Uitstellen,AC,,,,,,,,,,,,,,,,,,,,,,,,,g17,1,10,10,08:00,17:00,20,22,192.168.x.x,www.987.nl,,,,,,,,,,,,,,,,,,,,,,,,,,,,,,,,,,,,,,,,,,,,,,,,,,,,,,,,,,
com38,1nW7iQ4l,0132,Pharmaceutical Research and Development,440,http://example132.co,Beide,AC,,,,,,,,,,,,,,,,,,,,,,,,,g16,1,10,10,08:00,17:00,19,21,192.168.x.x,www.987.nl,,,,,,,,,,,,,,,,,,,,,,,,,,,,,,,,,,,,,,,,,,,,,,,,,,,,,,,,,,
com45,7yG5zN3x,0139,Engineering and Precision Manufacturing,295,http://example139.de,Naar voren schuiven,AC,,,,,,,,,,,,,,,,,,,,,,,,,g15,1,10,10,08:00,17:00,19,21,192.168.x.x,www.987.nl,,,,,,,,,,,,,,,,,,,,,,,,,,,,,,,,,,,,,,,,,,,,,,,,,,,,,,,,,,
com49,K3nO8rB7,0142,Software Development,357,http://example142.jobs,Limiteren van gebruik,AC,,,,,,,,,,,,,,,,,,,,,,,,,g14,1,10,10,08:00,17:00,19,21,192.168.x.x,www.987.nl,,,,,,,,,,,,,,,,,,,,,,,,,,,,,,,,,,,,,,,,,,,,,,,,,,,,,,,,,,
com58,5kF3yR1h,0150,Urban Planning and Technology,239,http://example150.int,Naar voren schuiven,AC,,,,,,,,,,,,,,,,,,,,,,,,,g13,1,10,10,08:00,17:00,19,21,192.168.x.x,www.987.nl,,,,,,,,,,,,,,,,,,,,,,,,,,,,,,,,,,,,,,,,,,,,,,,,,,,,,,,,,,
com67,3wN7lQ1k,0159,Logistics and Transportation,402,http://example159.tech,Beide,AC,,,,,,,,,,,,,,,,,,,,,,,,,g12,1,10,10,08:00,17:00,19,21,192.168.x.x,www.987.nl,,,,,,,,,,,,,,,,,,,,,,,,,,,,,,,,,,,,,,,,,,,,,,,,,,,,,,,,,,
com75,aG8yF2lH,0166,Biotechnology,201,http://example166.email,Beide,AC,,,,,,,,,,,,,,,,,,,,,,,,,g11,1,10,10,08:00,17:00,19,21,192.168.x.x,www.987.nl,,,,,,,,,,,,,,,,,,,,,,,,,,,,,,,,,,,,,,,,,,,,,,,,,,,,,,,,,,
com83,9oW7tS2r,0173,Event Management and Planning,299,http://example173.biz,Beide,AC,,,,,,,,,,,,,,,,,,,,,,,,,g10,1,10,10,08:00,17:00,19,21,192.168.x.x,www.987.nl,,,,,,,,,,,,,,,,,,,,,,,,,,,,,,,,,,,,,,,,,,,,,,,,,,,,,,,,,,
com92,5iN7wS4d,0181,Logistics and Transportation,250,http://example181.de,Naar voren schuiven,AC,,,,,,,,,,,,,,,,,,,,,,,,,g9,1,10,10,08:00,17:00,19,21,192.168.x.x,www.987.nl,,,,,,,,,,,,,,,,,,,,,,,,,,,,,,,,,,,,,,,,,,,,,,,,,,,,,,,,,,
com99,9kZ4lU3w,0188,Biotechnology,378,http://example188.xxx,Naar voren schuiven,AC,,,,,,,,,,,,,,,,,,,,,,,,,g8,1,10,10,08:00,17:00,19,21,192.168.x.x,www.987.nl,,,,,,,,,,,,,,,,,,,,,,,,,,,,,,,,,,,,,,,,,,,,,,,,,,,,,,,,,,
com101,jR8vU4iF,0019,Event Management and Planning,343,http://example19.travel,Limiteren van gebruik,AC,,,,,,,,,,,,,,,,,,,,,,,,,g32,2,10,10,08:00,17:00,20,22,192.168.x.x,www.987.nl,,,,,,,,,,,,,,,,,,,,,,,,,,,,,,,,,,,,,,,,,,,,,,,,,,,,,,,,,,
com107,R1qU4iD5,0195,Event Management and Planning,269,http://example195.mil,Limiteren van gebruik,AC,,,,,,,,,,,,,,,,,,,,,,,,,g7,1,10,10,08:00,17:00,19,21,192.168.x.x,www.987.nl,,,,,,,,,,,,,,,,,,,,,,,,,,,,,,,,,,,,,,,,,,,,,,,,,,,,,,,,,,
com116,7aX3hW8p,0202,Technology and Innovation,251,http://example202.app,Naar voren schuiven,AC,,,,,,,,,,,,,,,,,,,,,,,,,g6,1,10,10,08:00,17:00,19,21,192.168.x.x,www.987.nl,,,,,,,,,,,,,,,,,,,,,,,,,,,,,,,,,,,,,,,,,,,,,,,,,,,,,,,,,,
com129,5rP2wZ7j,0214,Telecommunications,391,http://example214.info,Uitstellen,AC,,,,,,,,,,,,,,,,,,,,,,,,,g5,1,10,10,08:00,17:00,19,21,192.168.x.x,www.987.nl,,,,,,,,,,,,,,,,,,,,,,,,,,,,,,,,,,,,,,,,,,,,,,,,,,,,,,,,,,
com133,3dC7qV9r,0218,Artificial Intelligence Solutions,264,http://example218.name,Naar voren schuiven,AC,,,,,,,,,,,,,,,,,,,,,,,,,g4,1,10,10,08:00,17:00,19,21,192.168.x.x,www.987.nl,,,,,,,,,,,,,,,,,,,,,,,,,,,,,,,,,,,,,,,,,,,,,,,,,,,,,,,,,,
com144,mV1kG6fX,0228,Investment and Venture Capital,288,http://example228.tel,Uitstellen,AC,,,,,,,,,,,,,,,,,,,,,,,,,g3,1,10,10,08:00,17:00,19,21,192.168.x.x,www.987.nl,,,,,,,,,,,,,,,,,,,,,,,,,,,,,,,,,,,,,,,,,,,,,,,,,,,,,,,,,,
com153,P7lK5zQ3,0236,Telecommunications,445,http://example236.edu,Beide,AC,,,,,,,,,,,,,,,,,,,,,,,,,g2,1,10,10,08:00,17:00,19,21,192.168.x.x,www.987.nl,,,,,,,,,,,,,,,,,,,,,,,,,,,,,,,,,,,,,,,,,,,,,,,,,,,,,,,,,,
com161,7xS9qZ2m,0243,Electronics Manufacturing,391,http://example243.tech,Beide,AC,,,,,,,,,,,,,,,,,,,,,,,,,g1,1,10,10,08:00,17:00,19,21,192.168.x.x,www.987.nl,,,,,,,,,,,,,,,,,,,,,,,,,,,,,,,,,,,,,,,,,,,,,,,,,,,,,,,,,,
com168,vH7yK4gR,0025,Business Consulting,353,http://example25.gov,Naar voren schuiven,AC,,,,,,,,,,,,,,,,,,,,,,,,,g31,1,10,10,08:00,17:00,20,22,192.168.x.x,www.987.nl,,,,,,,,,,,,,,,,,,,,,,,,,,,,,,,,,,,,,,,,,,,,,,,,,,,,,,,,,,
com187,3sX5aO9y,0031,Manufacturing and Production,326,http://example31.online,Limiteren van gebruik,AC,,,,,,,,,,,,,,,,,,,,,,,,,g30,2,10,10,08:00,17:00,20,22,192.168.x.x,www.987.nl,,,,,,,,,,,,,,,,,,,,,,,,,,,,,,,,,,,,,,,,,,,,,,,,,,,,,,,,,,
com208,1hZ8fS5d,0038,Telecommunications,358,http://example38.design,Naar voren schuiven,AC,,,,,,,,,,,,,,,,,,,,,,,,,g29,1,10,10,08:00,17:00,20,22,192.168.x.x,www.987.nl,,,,,,,,,,,,,,,,,,,,,,,,,,,,,,,,,,,,,,,,,,,,,,,,,,,,,,,,,,
com214,5aC6qP1o,0004,Technology and Innovation,433,http://example4.biz,Uitstellen,AC,,,,,,,,,,,,,,,,,,,,,,,,,g34,1,10,10,08:00,17:00,20,22,192.168.x.x,www.987.nl,,,,,,,,,,,,,,,,,,,,,,,,,,,,,,,,,,,,,,,,,,,,,,,,,,,,,,,,,,
com233,6xH2jQ8r,0046,Pharmaceutical Research and Development,226,http://example46.info,Limiteren van gebruik,AC,,,,,,,,,,,,,,,,,,,,,,,,,g28,1,10,10,08:00,17:00,20,22,192.168.x.x,www.987.nl,,,,,,,,,,,,,,,,,,,,,,,,,,,,,,,,,,,,,,,,,,,,,,,,,,,,,,,,,,
com258,iU4aP9dX,0054,Software Development,409,http://example54.ca,Limiteren van gebruik,AC,,,,,,,,,,,,,,,,,,,,,,,,,g27,1,10,10,08:00,17:00,20,22,192.168.x.x,www.987.nl,,,,,,,,,,,,,,,,,,,,,,,,,,,,,,,,,,,,,,,,,,,,,,,,,,,,,,,,,,
com270,jX8pQ4cK,0058,Strategic Planning and Consulting,385,http://example58.jobs,Naar voren schuiven,AC,,,,,,,,,,,,,,,,,,,,,,,,,g26,1,10,10,08:00,17:00,20,22,192.168.x.x,www.987.nl,,,,,,,,,,,,,,,,,,,,,,,,,,,,,,,,,,,,,,,,,,,,,,,,,,,,,,,,,,
com298,3aJ9rT4p,0067,Electronics Manufacturing,206,http://example67.gov,Uitstellen,AC,,,,,,,,,,,,,,,,,,,,,,,,,g25,1,10,10,08:00,17:00,20,22,192.168.x.x,www.987.nl,,,,,,,,,,,,,,,,,,,,,,,,,,,,,,,,,,,,,,,,,,,,,,,,,,,,,,,,,,
com305,6xM2uY4t,0072,IT Solutions,388,http://example72.web,Uitstellen,AC,,,,,,,,,,,,,,,,,,,,,,,,,g24,1,10,10,08:00,17:00,20,22,192.168.x.x,www.987.nl,,,,,,,,,,,,,,,,,,,,,,,,,,,,,,,,,,,,,,,,,,,,,,,,,,,,,,,,,,
com308,4cJ1zV6r,0075,Manufacturing and Production,284,http://example75.tech,Limiteren van gebruik,AC,,,,,,,,,,,,,,,,,,,,,,,,,g23,1,10,10,08:00,17:00,20,22,192.168.x.x,www.987.nl,,,,,,,,,,,,,,,,,,,,,,,,,,,,,,,,,,,,,,,,,,,,,,,,,,,,,,,,,,
com316,yH6uE2jN,0082,Telecommunications,235,http://example82.email,Beide,AC,,,,,,,,,,,,,,,,,,,,,,,,,g22,1,10,10,08:00,17:00,20,22,192.168.x.x,www.987.nl,,,,,,,,,,,,,,,,,,,,,,,,,,,,,,,,,,,,,,,,,,,,,,,,,,,,,,,,,,
com327,I1dU6oA2,0092,Technology and Innovation,401,http://example92.name,Limiteren van gebruik,AC,,,,,,,,,,,,,,,,,,,,,,,,,g21,1,10,10,08:00,17:00,20,22,192.168.x.x,www.987.nl,,,,,,,,,,,,,,,,,,,,,,,,,,,,,,,,,,,,,,,,,,,,,,,,,,,,,,,,,,
com334,8sD2uF1x,0099,Renewable Energy,271,http://example99.asia,Naar voren schuiven,AC,,,,,,,,,,,,,,,,,,,,,,,,,g20,1,10,10,08:00,17:00,20,22,192.168.x.x,www.987.nl,,,,,,,,,,,,,,,,,,,,,,,,,,,,,,,,,,,,,,,,,,,,,,,,,,,,,,,,,,
com5,5zE8lQ3a,0102,Strategic Planning and Consulting,428,http://example102.tel,Met opwek,Batterij,b14,24,76,00:00,23:45,,,,,0.081,0.9,192.168.x.x,www.987.nl,rijke intenties,,,,,,,,,,,,,,,,,,,,,,,,,,,,,,,,,,,,,,,,,,,,,,,,,,,,,,,,,,,,,,,,,,,,,,,,,,,,,,
com12,D9bP7zX4,0109,Electronics Manufacturing,330,http://example109.gov,Zonder opwek,Batterij,b15,56,309,00:00,23:45,,,,,0.085,0.98,192.168.x.x,www.987.nl,rijke intenties,,,,,,,,,,,,,,,,,,,,,,,,,,,,,,,,,,,,,,,,,,,,,,,,,,,,,,,,,,,,,,,,,,,,,,,,,,,,,,
com20,qT4iD8kS,0116,IT Solutions,434,http://example116.store,Met opwek,Batterij,b16,52,163,16:30,17:45,0.71,,,,0.1,0.89,192.168.x.x,www.987.nl,rijke intenties,,,,,,,,,,,,,,,,,,,,,,,,,,,,,,,,,,,,,,,,,,,,,,,,,,,,,,,,,,,,,,,,,,,,,,,,,,,,,,
com31,7aH4oJ1w,0126,Telecommunications,265,http://example126.group,Zonder opwek,Batterij,b17,20,95,08:45,10:45,0.38,13:45,16:00,0.68,0.078,0.88,192.168.x.x,www.987.nl,rijke intenties,,,,,,,,,,,,,,,,,,,,,,,,,,,,,,,,,,,,,,,,,,,,,,,,,,,,,,,,,,,,,,,,,,,,,,,,,,,,,,
com34,G7mN2bW1,0129,Event Management and Planning,333,http://example129.zone,Met opwek,Batterij,b18,32,213,12:30,14:15,0.66,,,,0.086,0.96,192.168.x.x,www.987.nl,rijke intenties,,,,,,,,,,,,,,,,,,,,,,,,,,,,,,,,,,,,,,,,,,,,,,,,,,,,,,,,,,,,,,,,,,,,,,,,,,,,,,
com47,uH6jL1qE,0140,Investment and Venture Capital,231,http://example140.eu,Zonder opwek,Batterij,b19,40,150,15:15,17:00,0.23,,,,0.094,0.96,192.168.x.x,www.987.nl,rijke intenties,,,,,,,,,,,,,,,,,,,,,,,,,,,,,,,,,,,,,,,,,,,,,,,,,,,,,,,,,,,,,,,,,,,,,,,,,,,,,,
com51,1lM5gZ2k,0144,Biotechnology,238,http://example144.tel,Met opwek,Batterij,b20,44,72,13:15,15:45,0.5,,,,0.084,1,192.168.x.x,www.987.nl,rijke intenties,,,,,,,,,,,,,,,,,,,,,,,,,,,,,,,,,,,,,,,,,,,,,,,,,,,,,,,,,,,,,,,,,,,,,,,,,,,,,,
com57,6xV1pC3m,0015,Renewable Energy Solutions,318,http://example15.asia,Zonder opwek,Batterij,b3,36,173,12:15,14:30,0.42,15:00,20:00,0.26,0.083,0.86,192.168.x.x,www.987.nl,rijke intenties,,,,,,,,,,,,,,,,,,,,,,,,,,,,,,,,,,,,,,,,,,,,,,,,,,,,,,,,,,,,,,,,,,,,,,,,,,,,,,
com63,2lD4jN6g,0155,Electronics Manufacturing,399,http://example155.shop,Zonder opwek,Batterij,b21,60,122,07:45,12:30,0.75,13:45,16:00,0.68,0.074,0.91,192.168.x.x,www.987.nl,rijke intenties,,,,,,,,,,,,,,,,,,,,,,,,,,,,,,,,,,,,,,,,,,,,,,,,,,,,,,,,,,,,,,,,,,,,,,,,,,,,,,
com65,qH2uK6yP,0157,Business Consulting,426,http://example157.online,Met opwek,Batterij,b22,52,267,14:30,16:15,0.32,,,,0.062,0.88,192.168.x.x,www.987.nl,rijke intenties,,,,,,,,,,,,,,,,,,,,,,,,,,,,,,,,,,,,,,,,,,,,,,,,,,,,,,,,,,,,,,,,,,,,,,,,,,,,,,
com72,6jP1oU8x,0163,Manufacturing and Production,347,http://example163.cloud,Zonder opwek,Batterij,b23,56,192,09:00,11:30,0.59,,,,0.094,0.93,192.168.x.x,www.987.nl,rijke intenties,,,,,,,,,,,,,,,,,,,,,,,,,,,,,,,,,,,,,,,,,,,,,,,,,,,,,,,,,,,,,,,,,,,,,,,,,,,,,,
com80,3kM7iR1x,0170,Telecommunications,401,http://example170.tech,Met opwek,Batterij,b24,28,53,12:00,14:00,0.41,,,,0.069,0.85,192.168.x.x,www.987.nl,rijke intenties,,,,,,,,,,,,,,,,,,,,,,,,,,,,,,,,,,,,,,,,,,,,,,,,,,,,,,,,,,,,,,,,,,,,,,,,,,,,,,
com89,vH8tP3oL,0179,Business Consulting,442,http://example179.co.uk,Zonder opwek,Batterij,b25,48,89,16:00,17:15,0.68,,,,0.082,0.8,192.168.x.x,www.987.nl,rijke intenties,,,,,,,,,,,,,,,,,,,,,,,,,,,,,,,,,,,,,,,,,,,,,,,,,,,,,,,,,,,,,,,,,,,,,,,,,,,,,,
com91,oE2jQ9rU,0180,Technology and Innovation,200,http://example180.ca,Met opwek,Batterij,b26,36,285,09:45,12:15,0.27,15:30,17:30,0.7,0.083,0.83,192.168.x.x,www.987.nl,rijke intenties,,,,,,,,,,,,,,,,,,,,,,,,,,,,,,,,,,,,,,,,,,,,,,,,,,,,,,,,,,,,,,,,,,,,,,,,,,,,,,
com103,X6qJ3wY9,0191,Renewable Energy Solutions,315,http://example191.coop,Zonder opwek,Batterij,b27,24,156,15:30,17:30,0.53,,,,0.092,0.92,192.168.x.x,www.987.nl,rijke intenties,,,,,,,,,,,,,,,,,,,,,,,,,,,,,,,,,,,,,,,,,,,,,,,,,,,,,,,,,,,,,,,,,,,,,,,,,,,,,,
com108,zP6sH2oX,0196,Artificial Intelligence Solutions,350,http://example196.mint,Met opwek,Batterij,b28,32,317,11:15,13:00,0.37,,,,0.098,0.96,192.168.x.x,www.987.nl,rijke intenties,,,,,,,,,,,,,,,,,,,,,,,,,,,,,,,,,,,,,,,,,,,,,,,,,,,,,,,,,,,,,,,,,,,,,,,,,,,,,,
com118,H6gF2wS8,0204,IT Solutions,449,http://example204.blog,Zonder opwek,Batterij,b29,56,45,14:15,16:30,0.62,,,,0.072,0.8,192.168.x.x,www.987.nl,rijke intenties,,,,,,,,,,,,,,,,,,,,,,,,,,,,,,,,,,,,,,,,,,,,,,,,,,,,,,,,,,,,,,,,,,,,,,,,,,,,,,
com123,xG5vH1kW,0209,Renewable Energy,436,http://example209.social,Met opwek,Batterij,b30,52,200,08:15,10:30,0.48,13:45,16:00,0.7,0.076,0.86,192.168.x.x,www.987.nl,rijke intenties,,,,,,,,,,,,,,,,,,,,,,,,,,,,,,,,,,,,,,,,,,,,,,,,,,,,,,,,,,,,,,,,,,,,,,,,,,,,,,
com137,iU4lY9zN,0221,Electronics Manufacturing,425,http://example221.co.uk,Zonder opwek,Batterij,b31,28,111,10:00,11:45,0.79,,,,0.067,0.99,192.168.x.x,www.987.nl,rijke intenties,,,,,,,,,,,,,,,,,,,,,,,,,,,,,,,,,,,,,,,,,,,,,,,,,,,,,,,,,,,,,,,,,,,,,,,,,,,,,,
com142,nH8yQ2xU,0226,IT Solutions,367,http://example226.jobs,Met opwek,Batterij,b32,40,321,13:30,15:15,0.24,,,,0.1,0.94,192.168.x.x,www.987.nl,rijke intenties,,,,,,,,,,,,,,,,,,,,,,,,,,,,,,,,,,,,,,,,,,,,,,,,,,,,,,,,,,,,,,,,,,,,,,,,,,,,,,
com148,3zF9qM2y,0231,Renewable Energy,299,http://example231.museum,Zonder opwek,Batterij,b33,20,89,09:00,11:30,0.7,18:00,23:00,0.62,0.079,0.8,192.168.x.x,www.987.nl,rijke intenties,,,,,,,,,,,,,,,,,,,,,,,,,,,,,,,,,,,,,,,,,,,,,,,,,,,,,,,,,,,,,,,,,,,,,,,,,,,,,,
com158,9zV2iH6k,0240,Artificial Intelligence Solutions,424,http://example240.web,Met opwek,Batterij,b34,44,150,09:45,12:15,0.44,15:30,17:30,0.48,0.095,0.82,192.168.x.x,www.987.nl,rijke intenties,,,,,,,,,,,,,,,,,,,,,,,,,,,,,,,,,,,,,,,,,,,,,,,,,,,,,,,,,,,,,,,,,,,,,,,,,,,,,,
com163,yW3tP5oG,0245,Business Consulting,431,http://example245.site,Zonder opwek,Batterij,b35,36,131,09:45,12:15,0.3,18:00,23:00,0.79,0.081,0.83,192.168.x.x,www.987.nl,rijke intenties,,,,,,,,,,,,,,,,,,,,,,,,,,,,,,,,,,,,,,,,,,,,,,,,,,,,,,,,,,,,,,,,,,,,,,,,,,,,,,
com169,aH8tY3uM,0246,Logistics and Transportation,279,http://example250.com,Met opwek,Batterij,b36,64,233,14:15,16:15,0.66,,,,0.1,0.94,192.168.x.x,www.987.nl,rijke intenties,,,,,,,,,,,,,,,,,,,,,,,,,,,,,,,,,,,,,,,,,,,,,,,,,,,,,,,,,,,,,,,,,,,,,,,,,,,,,,
com170,pW4uV7iD,0247,Investment and Venture Capital,272,http://example255.museum,Zonder opwek,Batterij,b37,72,207,15:30,17:45,0.39,,,,0.083,1,192.168.x.x,www.987.nl,rijke intenties,,,,,,,,,,,,,,,,,,,,,,,,,,,,,,,,,,,,,,,,,,,,,,,,,,,,,,,,,,,,,,,,,,,,,,,,,,,,,,
com172,wG1nR8jK,0248,IT Solutions,283,http://example260.zone,Met opwek,Batterij,b38,68,134,16:15,17:30,0.62,,,,0.063,0.98,192.168.x.x,www.987.nl,rijke intenties,,,,,,,,,,,,,,,,,,,,,,,,,,,,,,,,,,,,,,,,,,,,,,,,,,,,,,,,,,,,,,,,,,,,,,,,,,,,,,
com173,bN4mZ8fP,0249,Telecommunications,275,http://example265.biz,Zonder opwek,Batterij,b39,48,92,07:30,10:45,0.55,15:00,17:15,0.26,0.093,1,192.168.x.x,www.987.nl,rijke intenties,,,,,,,,,,,,,,,,,,,,,,,,,,,,,,,,,,,,,,,,,,,,,,,,,,,,,,,,,,,,,,,,,,,,,,,,,,,,,,
com174,uP1dM6oB,0027,Logistics and Transportation,254,http://example27.mil,Met opwek,Batterij,b4,32,67,15:00,17:15,0.73,,,,0.085,0.95,192.168.x.x,www.987.nl,rijke intenties,,,,,,,,,,,,,,,,,,,,,,,,,,,,,,,,,,,,,,,,,,,,,,,,,,,,,,,,,,,,,,,,,,,,,,,,,,,,,,
com175,oV2cH6qF,0250,Renewable Energy,312,http://example270.pro,Met opwek,Batterij,b40,56,264,09:15,10:45,0.73,15:30,17:00,0.38,0.065,0.97,192.168.x.x,www.987.nl,rijke intenties,,,,,,,,,,,,,,,,,,,,,,,,,,,,,,,,,,,,,,,,,,,,,,,,,,,,,,,,,,,,,,,,,,,,,,,,,,,,,,
com176,tF5rW3pH,0251,Biotechnology,299,http://example275.org,Met opwek,Batterij,b41,40,176,12:00,14:30,0.65,15:45,17:00,0.28,0.07,0.84,192.168.x.x,www.987.nl,rijke intenties,,,,,,,,,,,,,,,,,,,,,,,,,,,,,,,,,,,,,,,,,,,,,,,,,,,,,,,,,,,,,,,,,,,,,,,,,,,,,,
com178,lU9sX3rG,0252,Investment and Venture Capital,323,http://example280.net,Zonder opwek,Batterij,b42,52,145,09:45,12:00,0.47,15:30,17:45,0.59,0.093,0.98,192.168.x.x,www.987.nl,rijke intenties,,,,,,,,,,,,,,,,,,,,,,,,,,,,,,,,,,,,,,,,,,,,,,,,,,,,,,,,,,,,,,,,,,,,,,,,,,,,,,
com179,zW3vQ2rS,0253,Manufacturing and Production,287,http://example285.com,Met opwek,Batterij,b43,64,209,11:30,13:30,0.51,,,,0.071,0.9,192.168.x.x,www.987.nl,rijke intenties,,,,,,,,,,,,,,,,,,,,,,,,,,,,,,,,,,,,,,,,,,,,,,,,,,,,,,,,,,,,,,,,,,,,,,,,,,,,,,
com181,qY7xU2oF,0254,IT Solutions,312,http://example290.org,Zonder opwek,Batterij,b44,36,121,08:15,10:30,0.42,13:45,16:00,0.74,0.065,0.81,192.168.x.x,www.987.nl,rijke intenties,,,,,,,,,,,,,,,,,,,,,,,,,,,,,,,,,,,,,,,,,,,,,,,,,,,,,,,,,,,,,,,,,,,,,,,,,,,,,,
com182,pH6zJ8tD,0255,Telecommunications,298,http://example295.net,Met opwek,Batterij,b45,48,152,10:45,13:00,0.56,15:45,17:00,0.31,0.084,0.8,192.168.x.x,www.987.nl,rijke intenties,,,,,,,,,,,,,,,,,,,,,,,,,,,,,,,,,,,,,,,,,,,,,,,,,,,,,,,,,,,,,,,,,,,,,,,,,,,,,,
com185,mR8xZ4nV,0256,Artificial Intelligence Solutions,301,http://example300.com,Zonder opwek,Batterij,b46,56,180,09:00,11:30,0.68,14:15,16:30,0.42,0.075,0.94,192.168.x.x,www.987.nl,rijke intenties,,,,,,,,,,,,,,,,,,,,,,,,,,,,,,,,,,,,,,,,,,,,,,,,,,,,,,,,,,,,,,,,,,,,,,,,,,,,,,
com186,lM2yK9oZ,0257,Telecommunications,307,http://example305.org,Met opwek,Batterij,b47,60,205,07:45,10:00,0.38,13:30,15:45,0.63,0.091,0.8,192.168.x.x,www.987.nl,rijke intenties,,,,,,,,,,,,,,,,,,,,,,,,,,,,,,,,,,,,,,,,,,,,,,,,,,,,,,,,,,,,,,,,,,,,,,,,,,,,,,
com188,kG1sX7wP,0258,Investment and Venture Capital,282,http://example310.net,Zonder opwek,Batterij,b48,72,217,10:30,13:00,0.55,14:45,17:00,0.29,0.097,0.9,192.168.x.x,www.987.nl,rijke intenties,,,,,,,,,,,,,,,,,,,,,,,,,,,,,,,,,,,,,,,,,,,,,,,,,,,,,,,,,,,,,,,,,,,,,,,,,,,,,,
com189,iT9lP5wZ,0259,Manufacturing and Production,299,http://example315.com,Met opwek,Batterij,b49,64,190,09:15,11:45,0.42,13:30,15:45,0.57,0.063,0.95,192.168.x.x,www.987.nl,rijke intenties,,,,,,,,,,,,,,,,,,,,,,,,,,,,,,,,,,,,,,,,,,,,,,,,,,,,,,,,,,,,,,,,,,,,,,,,,,,,,,
com191,qU9sX3rG,0260,IT Solutions,298,http://example320.org,Zonder opwek,Batterij,b50,48,137,08:45,11:00,0.68,14:30,16:45,0.33,0.072,1,192.168.x.x,www.987.nl,rijke intenties,,,,,,,,,,,,,,,,,,,,,,,,,,,,,,,,,,,,,,,,,,,,,,,,,,,,,,,,,,,,,,,,,,,,,,,,,,,,,,
com192,rF5rW3pH,0261,Telecommunications,301,http://example325.net,Met opwek,Batterij,b51,56,160,09:30,11:45,0.49,13:45,16:00,0.26,0.098,0.88,192.168.x.x,www.987.nl,rijke intenties,,,,,,,,,,,,,,,,,,,,,,,,,,,,,,,,,,,,,,,,,,,,,,,,,,,,,,,,,,,,,,,,,,,,,,,,,,,,,,
com194,sT8mH1sR,0262,Artificial Intelligence Solutions,287,http://example330.com,Zonder opwek,Batterij,b52,60,195,08:15,10:30,0.57,12:45,15:00,0.48,0.09,0.82,192.168.x.x,www.987.nl,rijke intenties,,,,,,,,,,,,,,,,,,,,,,,,,,,,,,,,,,,,,,,,,,,,,,,,,,,,,,,,,,,,,,,,,,,,,,,,,,,,,,
com195,tG2lZ4nH,0263,Telecommunications,282,http://example335.org,Met opwek,Batterij,b53,72,220,10:00,12:15,0.33,14:45,17:00,0.69,0.086,0.89,192.168.x.x,www.987.nl,rijke intenties,,,,,,,,,,,,,,,,,,,,,,,,,,,,,,,,,,,,,,,,,,,,,,,,,,,,,,,,,,,,,,,,,,,,,,,,,,,,,,
com196,5gL2oC6s,0034,Biotechnology,389,http://example34.app,Zonder opwek,Batterij,b5,44,245,13:45,16:00,0.47,,,,0.095,0.86,192.168.x.x,www.987.nl,rijke intenties,,,,,,,,,,,,,,,,,,,,,,,,,,,,,,,,,,,,,,,,,,,,,,,,,,,,,,,,,,,,,,,,,,,,,,,,,,,,,,
com197,uH4pV7vF,0264,Investment and Venture Capital,298,http://example340.net,Zonder opwek,Batterij,b54,64,197,08:30,10:45,0.62,13:15,15:30,0.27,0.073,0.91,192.168.x.x,www.987.nl,rijke intenties,,,,,,,,,,,,,,,,,,,,,,,,,,,,,,,,,,,,,,,,,,,,,,,,,,,,,,,,,,,,,,,,,,,,,,,,,,,,,,
com198,vT9mR1oZ,0265,Manufacturing and Production,301,http://example345.com,Met opwek,Batterij,b55,48,130,09:45,12:00,0.47,14:30,16:45,0.55,0.093,0.95,192.168.x.x,www.987.nl,rijke intenties,,,,,,,,,,,,,,,,,,,,,,,,,,,,,,,,,,,,,,,,,,,,,,,,,,,,,,,,,,,,,,,,,,,,,,,,,,,,,,
com200,wF2rQ8sP,0266,IT Solutions,287,http://example350.org,Zonder opwek,Batterij,b56,56,155,08:15,10:30,0.39,13:00,15:15,0.71,0.091,0.97,192.168.x.x,www.987.nl,rijke intenties,,,,,,,,,,,,,,,,,,,,,,,,,,,,,,,,,,,,,,,,,,,,,,,,,,,,,,,,,,,,,,,,,,,,,,,,,,,,,,
com201,xG5vH1lR,0267,Telecommunications,282,http://example355.net,Met opwek,Batterij,b57,60,180,10:00,12:15,0.68,14:45,17:00,0.36,0.084,1,192.168.x.x,www.987.nl,rijke intenties,,,,,,,,,,,,,,,,,,,,,,,,,,,,,,,,,,,,,,,,,,,,,,,,,,,,,,,,,,,,,,,,,,,,,,,,,,,,,,
com203,yH4pZ7vF,0268,Artificial Intelligence Solutions,298,http://example360.com,Zonder opwek,Batterij,b58,72,205,08:30,10:45,0.52,13:15,15:30,0.47,0.074,0.86,192.168.x.x,www.987.nl,rijke intenties,,,,,,,,,,,,,,,,,,,,,,,,,,,,,,,,,,,,,,,,,,,,,,,,,,,,,,,,,,,,,,,,,,,,,,,,,,,,,,
com204,zF9mV1oT,0269,Telecommunications,301,http://example365.org,Met opwek,Batterij,b59,64,140,09:45,12:00,0.44,14:30,16:45,0.59,0.085,0.9,192.168.x.x,www.987.nl,rijke intenties,,,,,,,,,,,,,,,,,,,,,,,,,,,,,,,,,,,,,,,,,,,,,,,,,,,,,,,,,,,,,,,,,,,,,,,,,,,,,,
com206,aT2lW8nH,0270,Investment and Venture Capital,287,http://example370.net,Zonder opwek,Batterij,b60,56,155,08:15,10:30,0.39,13:00,15:15,0.71,0.089,0.91,192.168.x.x,www.987.nl,rijke intenties,,,,,,,,,,,,,,,,,,,,,,,,,,,,,,,,,,,,,,,,,,,,,,,,,,,,,,,,,,,,,,,,,,,,,,,,,,,,,,
com207,bY6xR9wZ,0271,Telecommunications,282,http://example375.org,Met opwek,Batterij,b61,60,180,10:00,12:15,0.68,14:45,17:00,0.36,0.066,0.85,192.168.x.x,www.987.nl,rijke intenties,,,,,,,,,,,,,,,,,,,,,,,,,,,,,,,,,,,,,,,,,,,,,,,,,,,,,,,,,,,,,,,,,,,,,,,,,,,,,,
com209,cG5vQ6sP,0272,Artificial Intelligence Solutions,298,http://example380.com,Zonder opwek,Batterij,b62,72,205,08:30,10:45,0.52,13:15,15:30,0.47,0.093,0.8,192.168.x.x,www.987.nl,rijke intenties,,,,,,,,,,,,,,,,,,,,,,,,,,,,,,,,,,,,,,,,,,,,,,,,,,,,,,,,,,,,,,,,,,,,,,,,,,,,,,
com210,dW1zX7vT,0273,Telecommunications,301,http://example385.org,Met opwek,Batterij,b63,64,140,09:45,12:00,0.44,14:30,16:45,0.59,0.085,0.87,192.168.x.x,www.987.nl,rijke intenties,,,,,,,,,,,,,,,,,,,,,,,,,,,,,,,,,,,,,,,,,,,,,,,,,,,,,,,,,,,,,,,,,,,,,,,,,,,,,,
com212,eU4pk7oW,0274,IT Solutions,287,http://example390.net,Zonder opwek,Batterij,b64,56,155,08:15,10:30,0.39,13:00,15:15,0.71,0.074,0.87,192.168.x.x,www.987.nl,rijke intenties,,,,,,,,,,,,,,,,,,,,,,,,,,,,,,,,,,,,,,,,,,,,,,,,,,,,,,,,,,,,,,,,,,,,,,,,,,,,,,
com213,fT8mH34R,0275,Telecommunications,282,http://example395.org,Met opwek,Batterij,b65,60,180,10:00,12:15,0.68,14:45,17:00,0.36,0.1,0.9,192.168.x.x,www.987.nl,rijke intenties,,,,,,,,,,,,,,,,,,,,,,,,,,,,,,,,,,,,,,,,,,,,,,,,,,,,,,,,,,,,,,,,,,,,,,,,,,,,,,
com216,gT6rZ4nH,0276,Artificial Intelligence Solutions,298,http://example400.com,Zonder opwek,Batterij,b66,72,205,08:30,10:45,0.52,13:15,15:30,0.47,0.085,0.82,192.168.x.x,www.987.nl,rijke intenties,,,,,,,,,,,,,,,,,,,,,,,,,,,,,,,,,,,,,,,,,,,,,,,,,,,,,,,,,,,,,,,,,,,,,,,,,,,,,,
com217,hT9mV1oT,0277,Telecommunications,301,http://example405.org,Met opwek,Batterij,b67,64,140,09:45,12:00,0.44,14:30,16:45,0.59,0.084,0.81,192.168.x.x,www.987.nl,rijke intenties,,,,,,,,,,,,,,,,,,,,,,,,,,,,,,,,,,,,,,,,,,,,,,,,,,,,,,,,,,,,,,,,,,,,,,,,,,,,,,
com218,4oQ2wP9z,0041,Event Management and Planning,246,http://example41.social,Met opwek,Batterij,b6,20,132,10:30,12:45,0.67,13:45,16:00,0.49,0.094,0.82,192.168.x.x,www.987.nl,rijke intenties,,,,,,,,,,,,,,,,,,,,,,,,,,,,,,,,,,,,,,,,,,,,,,,,,,,,,,,,,,,,,,,,,,,,,,,,,,,,,,
com219,rF4pZ7vF,0278,IT Solutions,287,http://example410.net,Zonder opwek,Batterij,b68,56,155,08:15,10:30,0.39,13:00,15:15,0.71,0.077,0.94,192.168.x.x,www.987.nl,rijke intenties,,,,,,,,,,,,,,,,,,,,,,,,,,,,,,,,,,,,,,,,,,,,,,,,,,,,,,,,,,,,,,,,,,,,,,,,,,,,,,
com220,jY6xR9wZ,0279,Telecommunications,282,http://example415.org,Met opwek,Batterij,b69,60,180,10:00,12:15,0.68,14:45,17:00,0.36,0.076,0.85,192.168.x.x,www.987.nl,rijke intenties,,,,,,,,,,,,,,,,,,,,,,,,,,,,,,,,,,,,,,,,,,,,,,,,,,,,,,,,,,,,,,,,,,,,,,,,,,,,,,
com222,kG6vQ2sP,0280,Artificial Intelligence Solutions,298,http://example420.com,Zonder opwek,Batterij,b70,72,205,08:30,10:45,0.52,13:15,15:30,0.47,0.077,0.97,192.168.x.x,www.987.nl,rijke intenties,,,,,,,,,,,,,,,,,,,,,,,,,,,,,,,,,,,,,,,,,,,,,,,,,,,,,,,,,,,,,,,,,,,,,,,,,,,,,,
com223,lF1sX7wP,0281,Telecommunications,301,http://example425.org,Met opwek,Batterij,b71,64,140,09:45,12:00,0.44,14:30,16:45,0.59,0.096,0.8,192.168.x.x,www.987.nl,rijke intenties,,,,,,,,,,,,,,,,,,,,,,,,,,,,,,,,,,,,,,,,,,,,,,,,,,,,,,,,,,,,,,,,,,,,,,,,,,,,,,
com225,mL4pT2oW,0282,IT Solutions,287,http://example430.net,Zonder opwek,Batterij,b72,56,155,08:15,10:30,0.39,13:00,15:15,0.71,0.064,0.82,192.168.x.x,www.987.nl,rijke intenties,,,,,,,,,,,,,,,,,,,,,,,,,,,,,,,,,,,,,,,,,,,,,,,,,,,,,,,,,,,,,,,,,,,,,,,,,,,,,,
com226,nM8xZ4nH,0283,Telecommunications,282,http://example435.org,Met opwek,Batterij,b73,60,180,10:00,12:15,0.68,14:45,17:00,0.36,0.075,0.98,192.168.x.x,www.987.nl,rijke intenties,,,,,,,,,,,,,,,,,,,,,,,,,,,,,,,,,,,,,,,,,,,,,,,,,,,,,,,,,,,,,,,,,,,,,,,,,,,,,,
com228,oT2yK9oZ,0284,Artificial Intelligence Solutions,298,http://example440.com,Zonder opwek,Batterij,b74,72,205,08:30,10:45,0.52,13:15,15:30,0.47,0.067,0.95,192.168.x.x,www.987.nl,rijke intenties,,,,,,,,,,,,,,,,,,,,,,,,,,,,,,,,,,,,,,,,,,,,,,,,,,,,,,,,,,,,,,,,,,,,,,,,,,,,,,
com229,pY6xN8sF,0285,Telecommunications,301,http://example445.org,Met opwek,Batterij,b75,64,140,09:45,12:00,0.44,14:30,16:45,0.59,0.088,0.8,192.168.x.x,www.987.nl,rijke intenties,,,,,,,,,,,,,,,,,,,,,,,,,,,,,,,,,,,,,,,,,,,,,,,,,,,,,,,,,,,,,,,,,,,,,,,,,,,,,,
com231,qU9sX3vN,0286,IT Solutions,287,http://example450.net,Zonder opwek,Batterij,b76,56,155,08:15,10:30,0.39,13:00,15:15,0.71,0.09,0.97,192.168.x.x,www.987.nl,rijke intenties,,,,,,,,,,,,,,,,,,,,,,,,,,,,,,,,,,,,,,,,,,,,,,,,,,,,,,,,,,,,,,,,,,,,,,,,,,,,,,
com232,rF5rM7pH,0287,Telecommunications,282,http://example455.org,Met opwek,Batterij,b77,60,180,10:00,12:15,0.68,14:45,17:00,0.36,0.065,0.85,192.168.x.x,www.987.nl,rijke intenties,,,,,,,,,,,,,,,,,,,,,,,,,,,,,,,,,,,,,,,,,,,,,,,,,,,,,,,,,,,,,,,,,,,,,,,,,,,,,,
com234,Br8mH1sR,0288,Artificial Intelligence Solutions,298,http://example460.com,Zonder opwek,Batterij,b78,72,205,08:30,10:45,0.52,13:15,15:30,0.47,0.085,0.87,192.168.x.x,www.987.nl,rijke intenties,,,,,,,,,,,,,,,,,,,,,,,,,,,,,,,,,,,,,,,,,,,,,,,,,,,,,,,,,,,,,,,,,,,,,,,,,,,,,,
com235,Hj2lZ4nH,0289,Telecommunications,301,http://example465.org,Met opwek,Batterij,b79,64,140,09:45,12:00,0.44,14:30,16:45,0.59,0.067,0.98,192.168.x.x,www.987.nl,rijke intenties,,,,,,,,,,,,,,,,,,,,,,,,,,,,,,,,,,,,,,,,,,,,,,,,,,,,,,,,,,,,,,,,,,,,,,,,,,,,,,
com236,nF3lM9vP,0047,Business Consulting,409,http://example47.biz,Zonder opwek,Batterij,b7,56,211,14:00,15:30,0.49,,,,0.072,0.91,192.168.x.x,www.987.nl,rijke intenties,,,,,,,,,,,,,,,,,,,,,,,,,,,,,,,,,,,,,,,,,,,,,,,,,,,,,,,,,,,,,,,,,,,,,,,,,,,,,,
com237,Qr4pV7vF,0290,Investment and Venture Capital,287,http://example470.net,Zonder opwek,Batterij,b80,56,155,08:15,10:30,0.39,13:00,15:15,0.71,0.062,0.81,192.168.x.x,www.987.nl,rijke intenties,,,,,,,,,,,,,,,,,,,,,,,,,,,,,,,,,,,,,,,,,,,,,,,,,,,,,,,,,,,,,,,,,,,,,,,,,,,,,,
com238,vT9mh5oZ,0291,Manufacturing and Production,282,http://example475.org,Met opwek,Batterij,b81,60,180,10:00,12:15,0.68,14:45,17:00,0.36,0.074,0.82,192.168.x.x,www.987.nl,rijke intenties,,,,,,,,,,,,,,,,,,,,,,,,,,,,,,,,,,,,,,,,,,,,,,,,,,,,,,,,,,,,,,,,,,,,,,,,,,,,,,
com240,wF2rQ8lO,0292,IT Solutions,298,http://example480.com,Zonder opwek,Batterij,b82,72,205,08:30,10:45,0.52,13:15,15:30,0.47,0.062,0.96,192.168.x.x,www.987.nl,rijke intenties,,,,,,,,,,,,,,,,,,,,,,,,,,,,,,,,,,,,,,,,,,,,,,,,,,,,,,,,,,,,,,,,,,,,,,,,,,,,,,
com241,xG5vH8lW,0293,Telecommunications,301,http://example485.org,Met opwek,Batterij,b83,64,140,09:45,12:00,0.44,14:30,16:45,0.59,0.101,0.86,192.168.x.x,www.987.nl,rijke intenties,,,,,,,,,,,,,,,,,,,,,,,,,,,,,,,,,,,,,,,,,,,,,,,,,,,,,,,,,,,,,,,,,,,,,,,,,,,,,,
com243,yH3qA7vF,0294,Artificial Intelligence Solutions,287,http://example490.net,Zonder opwek,Batterij,b84,56,155,08:15,10:30,0.39,13:00,15:15,0.71,0.065,1,192.168.x.x,www.987.nl,rijke intenties,,,,,,,,,,,,,,,,,,,,,,,,,,,,,,,,,,,,,,,,,,,,,,,,,,,,,,,,,,,,,,,,,,,,,,,,,,,,,,
com244,zF9Kk1oT,0295,Telecommunications,282,http://example495.org,Met opwek,Batterij,b85,60,180,10:00,12:15,0.68,14:45,17:00,0.36,0.086,0.95,192.168.x.x,www.987.nl,rijke intenties,,,,,,,,,,,,,,,,,,,,,,,,,,,,,,,,,,,,,,,,,,,,,,,,,,,,,,,,,,,,,,,,,,,,,,,,,,,,,,
com247,aT2lW8nI,0296,Investment and Venture Capital,298,http://example500.com,Zonder opwek,Batterij,b86,72,205,08:30,10:45,0.52,13:15,15:30,0.47,0.076,0.88,192.168.x.x,www.987.nl,rijke intenties,,,,,,,,,,,,,,,,,,,,,,,,,,,,,,,,,,,,,,,,,,,,,,,,,,,,,,,,,,,,,,,,,,,,,,,,,,,,,,
com248,bY6xR1wZ,0297,Telecommunications,301,http://example505.org,Met opwek,Batterij,b87,64,140,09:45,12:00,0.44,14:30,16:45,0.59,0.096,0.99,192.168.x.x,www.987.nl,rijke intenties,,,,,,,,,,,,,,,,,,,,,,,,,,,,,,,,,,,,,,,,,,,,,,,,,,,,,,,,,,,,,,,,,,,,,,,,,,,,,,
com250,cG5vQ2sP,0298,Artificial Intelligence Solutions,287,http://example510.net,Zonder opwek,Batterij,b88,56,155,08:15,10:30,0.39,13:00,15:15,0.71,0.087,0.94,192.168.x.x,www.987.nl,rijke intenties,,,,,,,,,,,,,,,,,,,,,,,,,,,,,,,,,,,,,,,,,,,,,,,,,,,,,,,,,,,,,,,,,,,,,,,,,,,,,,
com251,dW9zX7vT,0299,Telecommunications,282,http://example515.org,Met opwek,Batterij,b89,60,180,10:00,12:15,0.68,14:45,17:00,0.36,0.096,0.91,192.168.x.x,www.987.nl,rijke intenties,,,,,,,,,,,,,,,,,,,,,,,,,,,,,,,,,,,,,,,,,,,,,,,,,,,,,,,,,,,,,,,,,,,,,,,,,,,,,,
com253,eU4pw4oW,0300,IT Solutions,298,http://example520.com,Zonder opwek,Batterij,b90,72,205,08:30,10:45,0.52,13:15,15:30,0.47,0.1,0.9,192.168.x.x,www.987.nl,rijke intenties,,,,,,,,,,,,,,,,,,,,,,,,,,,,,,,,,,,,,,,,,,,,,,,,,,,,,,,,,,,,,,,,,,,,,,,,,,,,,,
com254,fT8mH78R,0301,Telecommunications,301,http://example525.org,Met opwek,Batterij,b91,64,140,09:45,12:00,0.44,14:30,16:45,0.59,0.096,0.84,192.168.x.x,www.987.nl,rijke intenties,,,,,,,,,,,,,,,,,,,,,,,,,,,,,,,,,,,,,,,,,,,,,,,,,,,,,,,,,,,,,,,,,,,,,,,,,,,,,,
com255,8gO2zC7s,0053,Manufacturing and Production,242,http://example53.co.uk,Met opwek,Batterij,b8,40,89,11:00,13:30,0.22,,,,0.088,0.85,192.168.x.x,www.987.nl,rijke intenties,,,,,,,,,,,,,,,,,,,,,,,,,,,,,,,,,,,,,,,,,,,,,,,,,,,,,,,,,,,,,,,,,,,,,,,,,,,,,,
com256,gL1rZ4nH,0302,Artificial Intelligence Solutions,287,http://example530.net,Zonder opwek,Batterij,b92,56,155,08:15,10:30,0.39,13:00,15:15,0.71,0.095,0.8,192.168.x.x,www.987.nl,rijke intenties,,,,,,,,,,,,,,,,,,,,,,,,,,,,,,,,,,,,,,,,,,,,,,,,,,,,,,,,,,,,,,,,,,,,,,,,,,,,,,
com257,hT9mV1oQ,0303,Telecommunications,282,http://example535.org,Met opwek,Batterij,b93,60,180,10:00,12:15,0.68,14:45,17:00,0.36,0.067,0.85,192.168.x.x,www.987.nl,rijke intenties,,,,,,,,,,,,,,,,,,,,,,,,,,,,,,,,,,,,,,,,,,,,,,,,,,,,,,,,,,,,,,,,,,,,,,,,,,,,,,
com259,sF4pZ7vF,0304,IT Solutions,298,http://example540.com,Zonder opwek,Batterij,b94,72,205,08:30,10:45,0.52,13:15,15:30,0.47,0.077,0.96,192.168.x.x,www.987.nl,rijke intenties,,,,,,,,,,,,,,,,,,,,,,,,,,,,,,,,,,,,,,,,,,,,,,,,,,,,,,,,,,,,,,,,,,,,,,,,,,,,,,
com260,jY6xR9qR,0305,Telecommunications,301,http://example545.org,Met opwek,Batterij,b95,64,140,09:45,12:00,0.44,14:30,16:45,0.59,0.088,0.96,192.168.x.x,www.987.nl,rijke intenties,,,,,,,,,,,,,,,,,,,,,,,,,,,,,,,,,,,,,,,,,,,,,,,,,,,,,,,,,,,,,,,,,,,,,,,,,,,,,,
com262,kG4vQ1sP,0306,Artificial Intelligence Solutions,287,http://example550.net,Zonder opwek,Batterij,b96,56,155,08:15,10:30,0.39,13:00,15:15,0.71,0.07,0.86,192.168.x.x,www.987.nl,rijke intenties,,,,,,,,,,,,,,,,,,,,,,,,,,,,,,,,,,,,,,,,,,,,,,,,,,,,,,,,,,,,,,,,,,,,,,,,,,,,,,
com263,lF1sX7wV,0307,Telecommunications,282,http://example555.org,Met opwek,Batterij,b97,60,180,10:00,12:15,0.68,14:45,17:00,0.36,0.092,0.89,192.168.x.x,www.987.nl,rijke intenties,,,,,,,,,,,,,,,,,,,,,,,,,,,,,,,,,,,,,,,,,,,,,,,,,,,,,,,,,,,,,,,,,,,,,,,,,,,,,,
com265,mL4pJ9oW,0308,IT Solutions,298,http://example560.com,Zonder opwek,Batterij,b98,72,205,08:30,10:45,0.52,13:15,15:30,0.47,0.089,0.86,192.168.x.x,www.987.nl,rijke intenties,,,,,,,,,,,,,,,,,,,,,,,,,,,,,,,,,,,,,,,,,,,,,,,,,,,,,,,,,,,,,,,,,,,,,,,,,,,,,,
com266,nM8xA2nH,0309,Telecommunications,301,http://example565.org,Met opwek,Batterij,b99,64,140,09:45,12:00,0.44,14:30,16:45,0.59,0.07,1,192.168.x.x,www.987.nl,rijke intenties,,,,,,,,,,,,,,,,,,,,,,,,,,,,,,,,,,,,,,,,,,,,,,,,,,,,,,,,,,,,,,,,,,,,,,,,,,,,,,
com268,oT5eK9oZ,0310,Artificial Intelligence Solutions,287,http://example570.net,Zonder opwek,Batterij,b100,56,155,08:15,10:30,0.39,13:00,15:15,0.71,0.07,0.93,192.168.x.x,www.987.nl,rijke intenties,,,,,,,,,,,,,,,,,,,,,,,,,,,,,,,,,,,,,,,,,,,,,,,,,,,,,,,,,,,,,,,,,,,,,,,,,,,,,,
com269,pY6xR5sF,0311,Telecommunications,282,http://example575.org,Met opwek,Batterij,b101,60,180,10:00,12:15,0.68,14:45,17:00,0.36,0.075,0.87,192.168.x.x,www.987.nl,rijke intenties,,,,,,,,,,,,,,,,,,,,,,,,,,,,,,,,,,,,,,,,,,,,,,,,,,,,,,,,,,,,,,,,,,,,,,,,,,,,,,
com271,qU9sX3FC,0312,IT Solutions,298,http://example580.com,Zonder opwek,Batterij,b102,72,205,08:30,10:45,0.52,13:15,15:30,0.47,0.069,0.98,192.168.x.x,www.987.nl,rijke intenties,,,,,,,,,,,,,,,,,,,,,,,,,,,,,,,,,,,,,,,,,,,,,,,,,,,,,,,,,,,,,,,,,,,,,,,,,,,,,,
com272,rF5rG0pH,0313,Telecommunications,301,http://example585.org,Met opwek,Batterij,b103,64,140,09:45,12:00,0.44,14:30,16:45,0.59,0.085,0.9,192.168.x.x,www.987.nl,rijke intenties,,,,,,,,,,,,,,,,,,,,,,,,,,,,,,,,,,,,,,,,,,,,,,,,,,,,,,,,,,,,,,,,,,,,,,,,,,,,,,
com273,vN6fT1zH,0059,Renewable Energy Solutions,448,http://example59.pro,Zonder opwek,Batterij,b9,80,301,08:30,09:45,0.61,13:30,17:30,0.2,0.101,0.91,192.168.x.x,www.987.nl,rijke intenties,,,,,,,,,,,,,,,,,,,,,,,,,,,,,,,,,,,,,,,,,,,,,,,,,,,,,,,,,,,,,,,,,,,,,,,,,,,,,,
com274,Kp8mH1sR,0314,Artificial Intelligence Solutions,287,http://example590.net,Zonder opwek,Batterij,b104,56,155,08:15,10:30,0.39,13:00,15:15,0.71,0.061,0.99,192.168.x.x,www.987.nl,rijke intenties,,,,,,,,,,,,,,,,,,,,,,,,,,,,,,,,,,,,,,,,,,,,,,,,,,,,,,,,,,,,,,,,,,,,,,,,,,,,,,
com275,Kl2lZ4nH,0315,Telecommunications,282,http://example595.org,Met opwek,Batterij,b105,60,180,10:00,12:15,0.68,14:45,17:00,0.36,0.086,0.92,192.168.x.x,www.987.nl,rijke intenties,,,,,,,,,,,,,,,,,,,,,,,,,,,,,,,,,,,,,,,,,,,,,,,,,,,,,,,,,,,,,,,,,,,,,,,,,,,,,,
com276,9hJ3vD8f,0006,IT Solutions,394,http://example6.co,Zonder opwek,Batterij,b1,48,102,02:00,14:00,0.34,17:00,21:00,0.85,0.069,0.82,192.168.x.x,www.987.nl,rijke intenties,,,,,,,,,,,,,,,,,,,,,,,,,,,,,,,,,,,,,,,,,,,,,,,,,,,,,,,,,,,,,,,,,,,,,,,,,,,,,,
com278,rQ4pV7vF,0316,Investment and Venture Capital,298,http://example600.com,Zonder opwek,Batterij,b106,72,205,08:30,10:45,0.52,13:15,15:30,0.47,0.072,0.97,192.168.x.x,www.987.nl,rijke intenties,,,,,,,,,,,,,,,,,,,,,,,,,,,,,,,,,,,,,,,,,,,,,,,,,,,,,,,,,,,,,,,,,,,,,,,,,,,,,,
com279,vT9mk1oZ,0317,Manufacturing and Production,282,http://example605.org,Met opwek,Batterij,b107,64,140,09:45,12:00,0.44,14:30,16:45,0.59,0.067,0.95,192.168.x.x,www.987.nl,rijke intenties,,,,,,,,,,,,,,,,,,,,,,,,,,,,,,,,,,,,,,,,,,,,,,,,,,,,,,,,,,,,,,,,,,,,,,,,,,,,,,
com281,wF2rQ8Qe,0318,IT Solutions,287,http://example610.net,Zonder opwek,Batterij,b108,56,155,08:15,10:30,0.39,13:00,15:15,0.71,0.1,0.91,192.168.x.x,www.987.nl,rijke intenties,,,,,,,,,,,,,,,,,,,,,,,,,,,,,,,,,,,,,,,,,,,,,,,,,,,,,,,,,,,,,,,,,,,,,,,,,,,,,,
com282,xG5vH2mW,0319,Telecommunications,301,http://example615.org,Met opwek,Batterij,b109,60,180,10:00,12:15,0.68,14:45,17:00,0.36,0.065,0.89,192.168.x.x,www.987.nl,rijke intenties,,,,,,,,,,,,,,,,,,,,,,,,,,,,,,,,,,,,,,,,,,,,,,,,,,,,,,,,,,,,,,,,,,,,,,,,,,,,,,
com284,Lo4pZ7vF,0320,Artificial Intelligence Solutions,298,http://example620.com,Zonder opwek,Batterij,b110,72,205,08:30,10:45,0.52,13:15,15:30,0.47,0.079,0.84,192.168.x.x,www.987.nl,rijke intenties,,,,,,,,,,,,,,,,,,,,,,,,,,,,,,,,,,,,,,,,,,,,,,,,,,,,,,,,,,,,,,,,,,,,,,,,,,,,,,
com285,zF9UT1oT,0321,Telecommunications,282,http://example625.org,Met opwek,Batterij,b111,64,140,09:45,12:00,0.44,14:30,16:45,0.59,0.068,0.92,192.168.x.x,www.987.nl,rijke intenties,,,,,,,,,,,,,,,,,,,,,,,,,,,,,,,,,,,,,,,,,,,,,,,,,,,,,,,,,,,,,,,,,,,,,,,,,,,,,,
com287,aT2lW8Oj,0322,Investment and Venture Capital,287,http://example630.net,Zonder opwek,Batterij,b112,56,155,08:15,10:30,0.39,13:00,15:15,0.71,0.07,0.99,192.168.x.x,www.987.nl,rijke intenties,,,,,,,,,,,,,,,,,,,,,,,,,,,,,,,,,,,,,,,,,,,,,,,,,,,,,,,,,,,,,,,,,,,,,,,,,,,,,,
com288,bY6xR8wZ,0323,Telecommunications,301,http://example635.org,Met opwek,Batterij,b113,60,180,10:00,12:15,0.68,14:45,17:00,0.36,0.066,0.86,192.168.x.x,www.987.nl,rijke intenties,,,,,,,,,,,,,,,,,,,,,,,,,,,,,,,,,,,,,,,,,,,,,,,,,,,,,,,,,,,,,,,,,,,,,,,,,,,,,,
com290,cG5vQ8sP,0324,Artificial Intelligence Solutions,282,http://example640.com,Zonder opwek,Batterij,b114,72,205,08:30,10:45,0.52,13:15,15:30,0.47,0.079,0.84,192.168.x.x,www.987.nl,rijke intenties,,,,,,,,,,,,,,,,,,,,,,,,,,,,,,,,,,,,,,,,,,,,,,,,,,,,,,,,,,,,,,,,,,,,,,,,,,,,,,
com291,dW2zX7vT,0325,Telecommunications,298,http://example645.org,Met opwek,Batterij,b115,64,140,09:45,12:00,0.44,14:30,16:45,0.59,0.068,0.86,192.168.x.x,www.987.nl,rijke intenties,,,,,,,,,,,,,,,,,,,,,,,,,,,,,,,,,,,,,,,,,,,,,,,,,,,,,,,,,,,,,,,,,,,,,,,,,,,,,,
com292,iF9oQ3vU,0065,Electronics Manufacturing,377,http://example65.coop,Met opwek,Batterij,b10,60,56,16:15,17:30,0.36,,,,0.097,0.99,192.168.x.x,www.987.nl,rijke intenties,,,,,,,,,,,,,,,,,,,,,,,,,,,,,,,,,,,,,,,,,,,,,,,,,,,,,,,,,,,,,,,,,,,,,,,,,,,,,,
com293,eU4pJ9oW,0326,IT Solutions,282,http://example650.net,Zonder opwek,Batterij,b116,56,155,08:15,10:30,0.39,13:00,15:15,0.71,0.093,0.95,192.168.x.x,www.987.nl,rijke intenties,,,,,,,,,,,,,,,,,,,,,,,,,,,,,,,,,,,,,,,,,,,,,,,,,,,,,,,,,,,,,,,,,,,,,,,,,,,,,,
com294,fT8mH1sR,0327,Telecommunications,301,http://example655.org,Met opwek,Batterij,b117,60,180,10:00,12:15,0.68,14:45,17:00,0.36,0.066,0.89,192.168.x.x,www.987.nl,rijke intenties,,,,,,,,,,,,,,,,,,,,,,,,,,,,,,,,,,,,,,,,,,,,,,,,,,,,,,,,,,,,,,,,,,,,,,,,,,,,,,
com296,gF2rZ4nH,0328,Artificial Intelligence Solutions,282,http://example660.com,Zonder opwek,Batterij,b118,72,205,08:30,10:45,0.52,13:15,15:30,0.47,0.099,0.8,192.168.x.x,www.987.nl,rijke intenties,,,,,,,,,,,,,,,,,,,,,,,,,,,,,,,,,,,,,,,,,,,,,,,,,,,,,,,,,,,,,,,,,,,,,,,,,,,,,,
com297,hT9mV1oC,0329,Telecommunications,298,http://example665.org,Met opwek,Batterij,b119,64,140,09:45,12:00,0.44,14:30,16:45,0.59,0.078,0.82,192.168.x.x,www.987.nl,rijke intenties,,,,,,,,,,,,,,,,,,,,,,,,,,,,,,,,,,,,,,,,,,,,,,,,,,,,,,,,,,,,,,,,,,,,,,,,,,,,,,
com299,iF4pZ7vF,0330,IT Solutions,282,http://example670.net,Zonder opwek,Batterij,b120,56,155,08:15,10:30,0.39,13:00,15:15,0.71,0.089,0.93,192.168.x.x,www.987.nl,rijke intenties,,,,,,,,,,,,,,,,,,,,,,,,,,,,,,,,,,,,,,,,,,,,,,,,,,,,,,,,,,,,,,,,,,,,,,,,,,,,,,
com307,lK3sT7nG,0074,Investment and Venture Capital,312,http://example74.store,Zonder opwek,Batterij,b11,48,178,09:15,11:15,0.54,15:00,17:15,0.15,0.084,0.92,192.168.x.x,www.987.nl,rijke intenties,,,,,,,,,,,,,,,,,,,,,,,,,,,,,,,,,,,,,,,,,,,,,,,,,,,,,,,,,,,,,,,,,,,,,,,,,,,,,,
com313,7rK2gH5e,0008,Investment and Venture Capital,314,http://example8.name,Met opwek,Batterij,b2,28,284,09:30,11:45,0.58,15:00,17:15,0.73,0.064,0.83,192.168.x.x,www.987.nl,rijke intenties,,,,,,,,,,,,,,,,,,,,,,,,,,,,,,,,,,,,,,,,,,,,,,,,,,,,,,,,,,,,,,,,,,,,,,,,,,,,,,
com321,aG4rO8jX,0087,Electronics Manufacturing,260,http://example87.zone,Met opwek,Batterij,b12,44,234,14:45,16:45,0.31,,,,0.065,0.84,192.168.x.x,www.987.nl,rijke intenties,,,,,,,,,,,,,,,,,,,,,,,,,,,,,,,,,,,,,,,,,,,,,,,,,,,,,,,,,,,,,,,,,,,,,,,,,,,,,,
com329,vC7kG4yN,0094,IT Solutions,310,http://example94.mobi,Zonder opwek,Batterij,b13,36,120,10:15,12:15,0.4,15:00,19:15,0.71,0.086,1,192.168.x.x,www.987.nl,rijke intenties,,,,,,,,,,,,,,,,,,,,,,,,,,,,,,,,,,,,,,,,,,,,,,,,,,,,,,,,,,,,,,,,,,,,,,,,,,,,,,
com6,hM6fS7jR,0103,Renewable Energy Solutions,409,http://example103.travel,Mobiel (EV),EV laadpaal,,,,,,,,,,,,,,,,ev112,3,11,17,08:00,17:00,192.168.x.x,www.987.nl,,,,,,,,,,,,,,,,,,,,,,,,,,,,,,,,,,,,,,,,,,,,,,,,,,,,,,,,,,,,,,,,,,,,,
com13,kG6vQ2sP,0011,Renewable Energy,442,http://example11.co.uk,Mobiel (EV),EV laadpaal,,,,,,,,,,,,,,,,ev124,5,11,30,10:00,17:00,192.168.x.x,www.987.nl,,,,,,,,,,,,,,,,,,,,,,,,,,,,,,,,,,,,,,,,,,,,,,,,,,,,,,,,,,,,,,,,,,,,,
com14,vS3rN6aJ,0110,Pharmaceutical Research and Development,431,http://example110.edu,Mobiel (EV),EV laadpaal,,,,,,,,,,,,,,,,ev111,2,11,11,08:00,17:00,192.168.x.x,www.987.nl,,,,,,,,,,,,,,,,,,,,,,,,,,,,,,,,,,,,,,,,,,,,,,,,,,,,,,,,,,,,,,,,,,,,,
com22,9eJ5nW3d,0118,Investment and Venture Capital,354,http://example118.app,Mobiel (EV),EV laadpaal,,,,,,,,,,,,,,,,ev110,6,11,33,12:00,14:00,192.168.x.x,www.987.nl,,,,,,,,,,,,,,,,,,,,,,,,,,,,,,,,,,,,,,,,,,,,,,,,,,,,,,,,,,,,,,,,,,,,,
com26,lF8xM2yN,0121,Renewable Energy,281,http://example121.cloud,Mobiel (EV),EV laadpaal,,,,,,,,,,,,,,,,ev19,6,11,44,08:00,17:00,192.168.x.x,www.987.nl,,,,,,,,,,,,,,,,,,,,,,,,,,,,,,,,,,,,,,,,,,,,,,,,,,,,,,,,,,,,,,,,,,,,,
com36,4fU2xH8j,0130,Artificial Intelligence Solutions,222,http://example130.info,Mobiel (EV),EV laadpaal,,,,,,,,,,,,,,,,ev18,12,11,25,12:00,14:00,192.168.x.x,www.987.nl,,,,,,,,,,,,,,,,,,,,,,,,,,,,,,,,,,,,,,,,,,,,,,,,,,,,,,,,,,,,,,,,,,,,,
com42,X4oU1jY5,0136,Technology and Innovation,406,http://example136.mobi,Mobiel (EV),EV laadpaal,,,,,,,,,,,,,,,,ev17,1,11,11,11:00,17:00,192.168.x.x,www.987.nl,,,,,,,,,,,,,,,,,,,,,,,,,,,,,,,,,,,,,,,,,,,,,,,,,,,,,,,,,,,,,,,,,,,,,
com52,J7cX4bH8,0145,Information Technology Services,418,http://example145.travel,Mobiel (EV),EV laadpaal,,,,,,,,,,,,,,,,ev16,4,11,22,08:00,17:00,192.168.x.x,www.987.nl,,,,,,,,,,,,,,,,,,,,,,,,,,,,,,,,,,,,,,,,,,,,,,,,,,,,,,,,,,,,,,,,,,,,,
com62,vW3bP9kA,0154,Pharmaceutical Research and Development,418,http://example154.mint,Mobiel (EV),EV laadpaal,,,,,,,,,,,,,,,,ev15,8,11,66,11:00,17:00,192.168.x.x,www.987.nl,,,,,,,,,,,,,,,,,,,,,,,,,,,,,,,,,,,,,,,,,,,,,,,,,,,,,,,,,,,,,,,,,,,,,
com64,R8zY1oE5,0156,Pharmaceutical Research and Development,314,http://example156.web,Mobiel (EV),EV laadpaal,,,,,,,,,,,,,,,,ev14,8,11,88,08:00,11:00,192.168.x.x,www.987.nl,,,,,,,,,,,,,,,,,,,,,,,,,,,,,,,,,,,,,,,,,,,,,,,,,,,,,,,,,,,,,,,,,,,,,
com73,iS5nM3hK,0164,Software Development,413,http://example164.design,Mobiel (EV),EV laadpaal,,,,,,,,,,,,,,,,ev13,3,11,22,08:00,17:00,192.168.x.x,www.987.nl,,,,,,,,,,,,,,,,,,,,,,,,,,,,,,,,,,,,,,,,,,,,,,,,,,,,,,,,,,,,,,,,,,,,,
com81,8qY5vD2n,0171,Research and Development,357,http://example171.zone,Mobiel (EV),EV laadpaal,,,,,,,,,,,,,,,,ev12,4,11,22,11:00,17:00,192.168.x.x,www.987.nl,,,,,,,,,,,,,,,,,,,,,,,,,,,,,,,,,,,,,,,,,,,,,,,,,,,,,,,,,,,,,,,,,,,,,
com88,bS7yD5zR,0178,Pharmaceutical Research and Development,241,http://example178.mobi,Mobiel (EV),EV laadpaal,,,,,,,,,,,,,,,,ev11,3,11,11,08:00,17:00,192.168.x.x,www.987.nl,,,,,,,,,,,,,,,,,,,,,,,,,,,,,,,,,,,,,,,,,,,,,,,,,,,,,,,,,,,,,,,,,,,,,
com95,rY5cS3lW,0184,Investment and Venture Capital,447,http://example184.jobs,Mobiel (EV),EV laadpaal,,,,,,,,,,,,,,,,ev10,4,11,22,08:00,17:00,192.168.x.x,www.987.nl,,,,,,,,,,,,,,,,,,,,,,,,,,,,,,,,,,,,,,,,,,,,,,,,,,,,,,,,,,,,,,,,,,,,,
com104,7dF5vS8r,0192,Telecommunications,402,http://example192.int,Mobiel (EV),EV laadpaal,,,,,,,,,,,,,,,,ev9,8,11,25,08:00,17:00,192.168.x.x,www.987.nl,,,,,,,,,,,,,,,,,,,,,,,,,,,,,,,,,,,,,,,,,,,,,,,,,,,,,,,,,,,,,,,,,,,,,
com111,xS2gY4zH,0199,Electronics Manufacturing,218,http://example199.online,Mobiel (EV),EV laadpaal,,,,,,,,,,,,,,,,ev8,8,11,44,08:00,17:00,192.168.x.x,www.987.nl,,,,,,,,,,,,,,,,,,,,,,,,,,,,,,,,,,,,,,,,,,,,,,,,,,,,,,,,,,,,,,,,,,,,,
com113,lF1sX7wP,0020,Artificial Intelligence Solutions,265,http://example20.xxx,Mobiel (EV),EV laadpaal,,,,,,,,,,,,,,,,ev123,7,11,50,08:00,17:00,192.168.x.x,www.987.nl,,,,,,,,,,,,,,,,,,,,,,,,,,,,,,,,,,,,,,,,,,,,,,,,,,,,,,,,,,,,,,,,,,,,,
com119,nR1yE9iK,0205,Engineering and Precision Manufacturing,408,http://example205.cloud,Mobiel (EV),EV laadpaal,,,,,,,,,,,,,,,,ev7,4,11,25,08:00,17:00,192.168.x.x,www.987.nl,,,,,,,,,,,,,,,,,,,,,,,,,,,,,,,,,,,,,,,,,,,,,,,,,,,,,,,,,,,,,,,,,,,,,
com126,rB7wX5tF,0211,Information Technology Services,367,http://example211.network,Mobiel (EV),EV laadpaal,,,,,,,,,,,,,,,,ev6,4,11,25,08:00,17:00,192.168.x.x,www.987.nl,,,,,,,,,,,,,,,,,,,,,,,,,,,,,,,,,,,,,,,,,,,,,,,,,,,,,,,,,,,,,,,,,,,,,
com134,zH2yE5sP,0219,Electronics Manufacturing,307,http://example219.us,Mobiel (EV),EV laadpaal,,,,,,,,,,,,,,,,ev5,12,11,25,08:00,17:00,192.168.x.x,www.987.nl,,,,,,,,,,,,,,,,,,,,,,,,,,,,,,,,,,,,,,,,,,,,,,,,,,,,,,,,,,,,,,,,,,,,,
com141,vW5tL3mP,0225,Logistics and Transportation,348,http://example225.asia,Mobiel (EV),EV laadpaal,,,,,,,,,,,,,,,,ev4,12,11,25,08:00,17:00,192.168.x.x,www.987.nl,,,,,,,,,,,,,,,,,,,,,,,,,,,,,,,,,,,,,,,,,,,,,,,,,,,,,,,,,,,,,,,,,,,,,
com149,7wL8tS1k,0232,Biotechnology,208,http://example232.aero,Mobiel (EV),EV laadpaal,,,,,,,,,,,,,,,,ev3,30,11,25,08:00,17:00,192.168.x.x,www.987.nl,,,,,,,,,,,,,,,,,,,,,,,,,,,,,,,,,,,,,,,,,,,,,,,,,,,,,,,,,,,,,,,,,,,,,
com156,S5rL9uY3,0239,Event Management and Planning,210,http://example239.shop,Mobiel (EV),EV laadpaal,,,,,,,,,,,,,,,,ev2,4,11,25,08:00,17:00,192.168.x.x,www.987.nl,,,,,,,,,,,,,,,,,,,,,,,,,,,,,,,,,,,,,,,,,,,,,,,,,,,,,,,,,,,,,,,,,,,,,
com157,mL4pJ9oW,0024,Pharmaceutical Research and Development,214,http://example24.int,Mobiel (EV),EV laadpaal,,,,,,,,,,,,,,,,ev122,21,6,60,08:00,17:00,192.168.x.x,www.987.nl,,,,,,,,,,,,,,,,,,,,,,,,,,,,,,,,,,,,,,,,,,,,,,,,,,,,,,,,,,,,,,,,,,,,,
com164,2zV7bX4n,0246,Technology and Innovation,219,http://example246.blog,Mobiel (EV),EV laadpaal,,,,,,,,,,,,,,,,ev1,4,11,25,08:00,17:00,192.168.x.x,www.987.nl,,,,,,,,,,,,,,,,,,,,,,,,,,,,,,,,,,,,,,,,,,,,,,,,,,,,,,,,,,,,,,,,,,,,,
com193,nM8xZ4nH,0033,Renewable Energy,420,http://example33.tech,Mobiel (EV),EV laadpaal,,,,,,,,,,,,,,,,ev121,2,22,22,09:00,17:00,192.168.x.x,www.987.nl,,,,,,,,,,,,,,,,,,,,,,,,,,,,,,,,,,,,,,,,,,,,,,,,,,,,,,,,,,,,,,,,,,,,,
com211,oT2yK9oZ,0039,Research and Development,337,http://example39.digital,Mobiel (EV),EV laadpaal,,,,,,,,,,,,,,,,ev120,1,11,11,09:00,16:00,192.168.x.x,www.987.nl,,,,,,,,,,,,,,,,,,,,,,,,,,,,,,,,,,,,,,,,,,,,,,,,,,,,,,,,,,,,,,,,,,,,,
com230,2bG7wN5i,0045,Electronics Manufacturing,430,http://example45.zone,Mobiel (EV),EV laadpaal,,,,,,,,,,,,,,,,ev119,2,11,22,08:00,17:00,192.168.x.x,www.987.nl,,,,,,,,,,,,,,,,,,,,,,,,,,,,,,,,,,,,,,,,,,,,,,,,,,,,,,,,,,,,,,,,,,,,,
com245,jY6xR9wZ,0005,Logistics and Transportation,267,http://example5.info,Mobiel (EV),EV laadpaal,,,,,,,,,,,,,,,,ev125,4,11,25,08:00,15:00,192.168.x.x,www.987.nl,,,,,,,,,,,,,,,,,,,,,,,,,,,,,,,,,,,,,,,,,,,,,,,,,,,,,,,,,,,,,,,,,,,,,
com249,uP1vK5hM,0051,Engineering and Precision Manufacturing,327,http://example51.us,Mobiel (EV),EV laadpaal,,,,,,,,,,,,,,,,ev118,5,11,50,09:00,16:00,192.168.x.x,www.987.nl,,,,,,,,,,,,,,,,,,,,,,,,,,,,,,,,,,,,,,,,,,,,,,,,,,,,,,,,,,,,,,,,,,,,,
com286,4sK6dV8h,0063,Event Management and Planning,335,http://example63.museum,Mobiel (EV),EV laadpaal,,,,,,,,,,,,,,,,ev117,9,22,100,08:00,17:00,192.168.x.x,www.987.nl,,,,,,,,,,,,,,,,,,,,,,,,,,,,,,,,,,,,,,,,,,,,,,,,,,,,,,,,,,,,,,,,,,,,,
com301,8yN4wY1f,0069,Business Consulting,435,http://example69.mil,Mobiel (EV),EV laadpaal,,,,,,,,,,,,,,,,ev126,15,6,75,09:00,16:00,192.168.x.x,www.987.nl,,,,,,,,,,,,,,,,,,,,,,,,,,,,,,,,,,,,,,,,,,,,,,,,,,,,,,,,,,,,,,,,,,,,,
com310,tU8gX4iF,0077,Renewable Energy,434,http://example77.site,Mobiel (EV),EV laadpaal,,,,,,,,,,,,,,,,ev116,30,6,150,09:00,16:00,192.168.x.x,www.987.nl,,,,,,,,,,,,,,,,,,,,,,,,,,,,,,,,,,,,,,,,,,,,,,,,,,,,,,,,,,,,,,,,,,,,,
com319,xM2nV7gK,0085,Event Management and Planning,428,http://example85.network,Mobiel (EV),EV laadpaal,,,,,,,,,,,,,,,,ev115,4,11,22,12:00,14:00,192.168.x.x,www.987.nl,,,,,,,,,,,,,,,,,,,,,,,,,,,,,,,,,,,,,,,,,,,,,,,,,,,,,,,,,,,,,,,,,,,,,
com322,7iC6vT2k,0088,Pharmaceutical Research and Development,449,http://example88.info,Mobiel (EV),EV laadpaal,,,,,,,,,,,,,,,,ev114,4,11,22,08:00,17:00,192.168.x.x,www.987.nl,,,,,,,,,,,,,,,,,,,,,,,,,,,,,,,,,,,,,,,,,,,,,,,,,,,,,,,,,,,,,,,,,,,,,
com331,3oV8tH6i,0096,Investment and Venture Capital,334,http://example96.ca,Mobiel (EV),EV laadpaal,,,,,,,,,,,,,,,,ev113,2,11,22,12:00,14:00,192.168.x.x,www.987.nl,,,,,,,,,,,,,,,,,,,,,,,,,,,,,,,,,,,,,,,,,,,,,,,,,,,,,,,,,,,,,,,,,,,,,
com2,iX8nS3aQ,0010,Software Development,279,http://example10.mobi,Naar voren schuiven,Koelcel,,,,,,,,,,,,,,,,,,,,,,,,,,,,,,,,,,,,p32,10,-8,-6,192.168.x.x,www.987.nl,,,,,,,,,,,,,,,,,,,,,,,,,,,,,,,,,,,,,,,,,,,,,,,,,,,
com8,oN2yG5kU,0105,Research and Development,441,http://example105.museum,Uitstellen,Koelcel,,,,,,,,,,,,,,,,,,,,,,,,,,,,,,,,,,,,p21,10,-8,-6,192.168.x.x,www.987.nl,,,,,,,,,,,,,,,,,,,,,,,,,,,,,,,,,,,,,,,,,,,,,,,,,,,
com16,uF6vP3iO,0112,Pharmaceutical Research and Development,307,http://example112.mint,Beide,Koelcel,,,,,,,,,,,,,,,,,,,,,,,,,,,,,,,,,,,,p20,15,-8,-6,192.168.x.x,www.987.nl,,,,,,,,,,,,,,,,,,,,,,,,,,,,,,,,,,,,,,,,,,,,,,,,,,,
com21,oP2rU6zN,0117,Engineering and Precision Manufacturing,342,http://example117.tech,Naar voren schuiven,Koelcel,,,,,,,,,,,,,,,,,,,,,,,,,,,,,,,,,,,,p19,13,-8,-6,192.168.x.x,www.987.nl,,,,,,,,,,,,,,,,,,,,,,,,,,,,,,,,,,,,,,,,,,,,,,,,,,,
com27,3tV9kU1b,0122,Biotechnology,278,http://example122.design,Limiteren van gebruik,Koelcel,,,,,,,,,,,,,,,,,,,,,,,,,,,,,,,,,,,,p18,13,-8,-6,192.168.x.x,www.987.nl,,,,,,,,,,,,,,,,,,,,,,,,,,,,,,,,,,,,,,,,,,,,,,,,,,,
com37,9pK3mG6z,0131,Electronics Manufacturing,449,http://example131.biz,Uitstellen,Koelcel,,,,,,,,,,,,,,,,,,,,,,,,,,,,,,,,,,,,p17,18,-8,-6,192.168.x.x,www.987.nl,,,,,,,,,,,,,,,,,,,,,,,,,,,,,,,,,,,,,,,,,,,,,,,,,,,
com43,hF8vA6lD,0137,Logistics and Transportation,272,http://example137.co.uk,Naar voren schuiven,Koelcel,,,,,,,,,,,,,,,,,,,,,,,,,,,,,,,,,,,,p16,16,-8,-6,192.168.x.x,www.987.nl,,,,,,,,,,,,,,,,,,,,,,,,,,,,,,,,,,,,,,,,,,,,,,,,,,,
com53,tY6oE2wP,0146,Strategic Planning and Consulting,205,http://example146.xxx,Limiteren van gebruik,Koelcel,,,,,,,,,,,,,,,,,,,,,,,,,,,,,,,,,,,,p15,15,-8,-6,192.168.x.x,www.987.nl,,,,,,,,,,,,,,,,,,,,,,,,,,,,,,,,,,,,,,,,,,,,,,,,,,,
com60,9cZ7mE6n,0152,Artificial Intelligence Solutions,369,http://example152.edu,Naar voren schuiven,Koelcel,,,,,,,,,,,,,,,,,,,,,,,,,,,,,,,,,,,,p14,13,-8,-6,192.168.x.x,www.987.nl,,,,,,,,,,,,,,,,,,,,,,,,,,,,,,,,,,,,,,,,,,,,,,,,,,,
com68,gH3rK6oA,0016,Telecommunications,256,http://example16.jobs,Beide,Koelcel,,,,,,,,,,,,,,,,,,,,,,,,,,,,,,,,,,,,p31,13,-8,-6,192.168.x.x,www.987.nl,,,,,,,,,,,,,,,,,,,,,,,,,,,,,,,,,,,,,,,,,,,,,,,,,,,
com71,K2fR9qW3,0162,Investment and Venture Capital,244,http://example162.blog,Limiteren van gebruik,Koelcel,,,,,,,,,,,,,,,,,,,,,,,,,,,,,,,,,,,,p13,13,-8,-6,192.168.x.x,www.987.nl,,,,,,,,,,,,,,,,,,,,,,,,,,,,,,,,,,,,,,,,,,,,,,,,,,,
com76,7rX4mW1q,0167,Information Technology Services,367,http://example167.social,Uitstellen,Koelcel,,,,,,,,,,,,,,,,,,,,,,,,,,,,,,,,,,,,p12,14,-8,-6,192.168.x.x,www.987.nl,,,,,,,,,,,,,,,,,,,,,,,,,,,,,,,,,,,,,,,,,,,,,,,,,,,
com85,1pE4sG8k,0175,Electronics Manufacturing,406,http://example175.tv,Beide,Koelcel,,,,,,,,,,,,,,,,,,,,,,,,,,,,,,,,,,,,p11,13,-8,-6,192.168.x.x,www.987.nl,,,,,,,,,,,,,,,,,,,,,,,,,,,,,,,,,,,,,,,,,,,,,,,,,,,
com96,7oV4yE2u,0185,Manufacturing and Production,354,http://example185.pro,Uitstellen,Koelcel,,,,,,,,,,,,,,,,,,,,,,,,,,,,,,,,,,,,p10,13,-8,-6,192.168.x.x,www.987.nl,,,,,,,,,,,,,,,,,,,,,,,,,,,,,,,,,,,,,,,,,,,,,,,,,,,
com105,oK2lM9pB,0193,Research and Development,247,http://example193.gov,Naar voren schuiven,Koelcel,,,,,,,,,,,,,,,,,,,,,,,,,,,,,,,,,,,,p9,14,-8,-6,192.168.x.x,www.987.nl,,,,,,,,,,,,,,,,,,,,,,,,,,,,,,,,,,,,,,,,,,,,,,,,,,,
com110,jC5rL7mQ,0198,Pharmaceutical Research and Development,292,http://example198.web,Beide,Koelcel,,,,,,,,,,,,,,,,,,,,,,,,,,,,,,,,,,,,p8,14,-8,-6,192.168.x.x,www.987.nl,,,,,,,,,,,,,,,,,,,,,,,,,,,,,,,,,,,,,,,,,,,,,,,,,,,
com112,3sF8jR2Q,0002,Pharmaceutical Research and Development,304,http://example2.net,Uitstellen,Koelcel,,,,,,,,,,,,,,,,,,,,,,,,,,,,,,,,,,,,p33,15,-8,-6,192.168.x.x,www.987.nl,,,,,,,,,,,,,,,,,,,,,,,,,,,,,,,,,,,,,,,,,,,,,,,,,,,
com121,wA2zC6hX,0207,Manufacturing and Production,336,http://example207.digital,Limiteren van gebruik,Koelcel,,,,,,,,,,,,,,,,,,,,,,,,,,,,,,,,,,,,p7,13,-8,-6,192.168.x.x,www.987.nl,,,,,,,,,,,,,,,,,,,,,,,,,,,,,,,,,,,,,,,,,,,,,,,,,,,
com127,2oV4kS9p,0212,Strategic Planning and Consulting,309,http://example212.tech,Naar voren schuiven,Koelcel,,,,,,,,,,,,,,,,,,,,,,,,,,,,,,,,,,,,p6,21,-8,-6,192.168.x.x,www.987.nl,,,,,,,,,,,,,,,,,,,,,,,,,,,,,,,,,,,,,,,,,,,,,,,,,,,
com132,aX6oG1jK,0217,Event Management and Planning,285,http://example217.tv,Uitstellen,Koelcel,,,,,,,,,,,,,,,,,,,,,,,,,,,,,,,,,,,,p5,13,-8,-6,192.168.x.x,www.987.nl,,,,,,,,,,,,,,,,,,,,,,,,,,,,,,,,,,,,,,,,,,,,,,,,,,,
com135,wJ5cS9nV,0022,Pharmaceutical Research and Development,318,http://example22.aero,Limiteren van gebruik,Koelcel,,,,,,,,,,,,,,,,,,,,,,,,,,,,,,,,,,,,p30,20,-8,-6,192.168.x.x,www.987.nl,,,,,,,,,,,,,,,,,,,,,,,,,,,,,,,,,,,,,,,,,,,,,,,,,,,
com143,qB4iS7oK,0227,Engineering and Precision Manufacturing,294,http://example227.pro,Beide,Koelcel,,,,,,,,,,,,,,,,,,,,,,,,,,,,,,,,,,,,p4,21,-8,-6,192.168.x.x,www.987.nl,,,,,,,,,,,,,,,,,,,,,,,,,,,,,,,,,,,,,,,,,,,,,,,,,,,
com152,4sG3xW2v,0235,Renewable Energy Solutions,291,http://example235.gov,Limiteren van gebruik,Koelcel,,,,,,,,,,,,,,,,,,,,,,,,,,,,,,,,,,,,p3,13,-8,-6,192.168.x.x,www.987.nl,,,,,,,,,,,,,,,,,,,,,,,,,,,,,,,,,,,,,,,,,,,,,,,,,,,
com159,wJ4oG1yX,0241,Electronics Manufacturing,203,http://example241.online,Uitstellen,Koelcel,,,,,,,,,,,,,,,,,,,,,,,,,,,,,,,,,,,,p2,22,-8,-6,192.168.x.x,www.987.nl,,,,,,,,,,,,,,,,,,,,,,,,,,,,,,,,,,,,,,,,,,,,,,,,,,,
com166,T3vH8gM1,0248,IT Solutions,337,http://example248.design,Naar voren schuiven,Koelcel,,,,,,,,,,,,,,,,,,,,,,,,,,,,,,,,,,,,p1,13,-8,-6,192.168.x.x,www.987.nl,,,,,,,,,,,,,,,,,,,,,,,,,,,,,,,,,,,,,,,,,,,,,,,,,,,
com180,7kG4zH8x,0029,Engineering and Precision Manufacturing,375,http://example29.shop,Uitstellen,Koelcel,,,,,,,,,,,,,,,,,,,,,,,,,,,,,,,,,,,,p29,18,-8,-6,192.168.x.x,www.987.nl,,,,,,,,,,,,,,,,,,,,,,,,,,,,,,,,,,,,,,,,,,,,,,,,,,,
com215,9iE3uL6y,0040,Urban Planning and Technology,236,http://example40.email,Beide,Koelcel,,,,,,,,,,,,,,,,,,,,,,,,,,,,,,,,,,,,p28,14,-8,-6,192.168.x.x,www.987.nl,,,,,,,,,,,,,,,,,,,,,,,,,,,,,,,,,,,,,,,,,,,,,,,,,,,
com227,qO9yA4kU,0044,Pharmaceutical Research and Development,422,http://example44.tech,Uitstellen,Koelcel,,,,,,,,,,,,,,,,,,,,,,,,,,,,,,,,,,,,p27,25,-8,-6,192.168.x.x,www.987.nl,,,,,,,,,,,,,,,,,,,,,,,,,,,,,,,,,,,,,,,,,,,,,,,,,,,
com252,3nQ6yW9i,0052,Investment and Venture Capital,272,http://example52.mobi,Limiteren van gebruik,Koelcel,,,,,,,,,,,,,,,,,,,,,,,,,,,,,,,,,,,,p26,18,-8,-6,192.168.x.x,www.987.nl,,,,,,,,,,,,,,,,,,,,,,,,,,,,,,,,,,,,,,,,,,,,,,,,,,,
com277,qO3kU9xJ,0060,Telecommunications,323,http://example60.tel,Beide,Koelcel,,,,,,,,,,,,,,,,,,,,,,,,,,,,,,,,,,,,p25,20,-8,-6,192.168.x.x,www.987.nl,,,,,,,,,,,,,,,,,,,,,,,,,,,,,,,,,,,,,,,,,,,,,,,,,,,
com300,uS7kO2xV,0068,Pharmaceutical Research and Development,238,http://example68.edu,Uitstellen,Koelcel,,,,,,,,,,,,,,,,,,,,,,,,,,,,,,,,,,,,p36,15,-8,-6,192.168.x.x,www.987.nl,,,,,,,,,,,,,,,,,,,,,,,,,,,,,,,,,,,,,,,,,,,,,,,,,,,
com311,nD6pM3rV,0078,Biotechnology,427,http://example78.blog,Naar voren schuiven,Koelcel,,,,,,,,,,,,,,,,,,,,,,,,,,,,,,,,,,,,p24,13,-8,-6,192.168.x.x,www.987.nl,,,,,,,,,,,,,,,,,,,,,,,,,,,,,,,,,,,,,,,,,,,,,,,,,,,
com317,qP9kY5rS,0083,Research and Development,403,http://example83.social,Naar voren schuiven,Koelcel,,,,,,,,,,,,,,,,,,,,,,,,,,,,,,,,,,,,p35,15,-8,-6,192.168.x.x,www.987.nl,,,,,,,,,,,,,,,,,,,,,,,,,,,,,,,,,,,,,,,,,,,,,,,,,,,
com325,2eP7wR4m,0090,Pharmaceutical Research and Development,420,http://example90.co,Beide,Koelcel,,,,,,,,,,,,,,,,,,,,,,,,,,,,,,,,,,,,p23,12,-8,-6,192.168.x.x,www.987.nl,,,,,,,,,,,,,,,,,,,,,,,,,,,,,,,,,,,,,,,,,,,,,,,,,,,
com333,4nG9zQ3y,0098,Software Development,356,http://example98.eu,Limiteren van gebruik,Koelcel,,,,,,,,,,,,,,,,,,,,,,,,,,,,,,,,,,,,p22,11,-8,-6,192.168.x.x,www.987.nl,,,,,,,,,,,,,,,,,,,,,,,,,,,,,,,,,,,,,,,,,,,,,,,,,,,
com4,yB9iX2cK,0101,Information Technology Services,221,http://example101.pro,Mobiel (EV),Overig,,,,,,,,,,,,,,,,,,,,,,,,,,,,,,,,,,,,,,,,,,,,,,,,,,,,,,,,,,,,,,,,,,,,,iets,t1,,,,,,,,,,,,,,,,,,,,,,
com10,tC5wJ2iS,0107,Event Management and Planning,328,http://example107.coop,Zonder opwek,Overig,,,,,,,,,,,,,,,,,,,,,,,,,,,,,,,,,,,,,,,,,,,,,,,,,,,,,,,,,,,,,,,,,,,,,iets,t1,,,,,,,,,,,,,,,,,,,,,,
com17,K9sH4jQ2,0113,Business Consulting,275,http://example113.shop,Uitstellen,Overig,,,,,,,,,,,,,,,,,,,,,,,,,,,,,,,,,,,,,,,,,,,,,,,,,,,,,,,,,,,,,,,,,,,,,iets,t1,,,,,,,,,,,,,,,,,,,,,,
com23,hK7yO4uQ,0119,Manufacturing and Production,357,http://example119.site,Naar voren schuiven,Overig,,,,,,,,,,,,,,,,,,,,,,,,,,,,,,,,,,,,,,,,,,,,,,,,,,,,,,,,,,,,,,,,,,,,,iets,t1,,,,,,,,,,,,,,,,,,,,,,
com28,sO4dQ7pY,0123,Information Technology Services,285,http://example123.digital,Beide,Overig,,,,,,,,,,,,,,,,,,,,,,,,,,,,,,,,,,,,,,,,,,,,,,,,,,,,,,,,,,,,,,,,,,,,,iets,t1,,,,,,,,,,,,,,,,,,,,,,
com35,zY7sB5nG,0013,Information Technology Services,273,http://example13.de,Naar voren schuiven,Overig,,,,,,,,,,,,,,,,,,,,,,,,,,,,,,,,,,,,,,,,,,,,,,,,,,,,,,,,,,,,,,,,,,,,,iets,t1,,,,,,,,,,,,,,,,,,,,,,
com40,8kZ2qV6r,0134,Pharmaceutical Research and Development,398,http://example134.name,Zonder opwek,Overig,,,,,,,,,,,,,,,,,,,,,,,,,,,,,,,,,,,,,,,,,,,,,,,,,,,,,,,,,,,,,,,,,,,,,iets,t1,,,,,,,,,,,,,,,,,,,,,,
com41,3dN7gC9h,0135,Business Consulting,205,http://example135.us,Met opwek,Overig,,,,,,,,,,,,,,,,,,,,,,,,,,,,,,,,,,,,,,,,,,,,,,,,,,,,,,,,,,,,,,,,,,,,,iets,t1,,,,,,,,,,,,,,,,,,,,,,
com55,S9vA4jD6,0148,Telecommunications,426,http://example148.aero,Zonder opwek,Overig,,,,,,,,,,,,,,,,,,,,,,,,,,,,,,,,,,,,,,,,,,,,,,,,,,,,,,,,,,,,,,,,,,,,,iets,t1,,,,,,,,,,,,,,,,,,,,,,
com59,oU8dH4xJ,0151,Event Management and Planning,278,http://example151.gov,Beide,Overig,,,,,,,,,,,,,,,,,,,,,,,,,,,,,,,,,,,,,,,,,,,,,,,,,,,,,,,,,,,,,,,,,,,,,iets,t1,,,,,,,,,,,,,,,,,,,,,,
com66,iM5rX3vG,0158,Technology and Innovation,408,http://example158.store,Limiteren van gebruik,Overig,,,,,,,,,,,,,,,,,,,,,,,,,,,,,,,,,,,,,,,,,,,,,,,,,,,,,,,,,,,,,,,,,,,,,iets,t1,,,,,,,,,,,,,,,,,,,,,,
com74,U9vQ6kL4,0165,Renewable Energy,244,http://example165.digital,Mobiel (EV),Overig,,,,,,,,,,,,,,,,,,,,,,,,,,,,,,,,,,,,,,,,,,,,,,,,,,,,,,,,,,,,,,,,,,,,,iets,t1,,,,,,,,,,,,,,,,,,,,,,
com82,zL6gF4sK,0172,Urban Planning and Technology,238,http://example172.info,Uitstellen,Overig,,,,,,,,,,,,,,,,,,,,,,,,,,,,,,,,,,,,,,,,,,,,,,,,,,,,,,,,,,,,,,,,,,,,,iets,t1,,,,,,,,,,,,,,,,,,,,,,
com86,R9qX2yF7,0176,Pharmaceutical Research and Development,213,http://example176.name,Zonder opwek,Overig,,,,,,,,,,,,,,,,,,,,,,,,,,,,,,,,,,,,,,,,,,,,,,,,,,,,,,,,,,,,,,,,,,,,,iets,t1,,,,,,,,,,,,,,,,,,,,,,
com90,9zN1bQ2w,0018,Urban Planning and Technology,209,http://example18.tel,Mobiel (EV),Overig,,,,,,,,,,,,,,,,,,,,,,,,,,,,,,,,,,,,,,,,,,,,,,,,,,,,,,,,,,,,,,,,,,,,,iets,t1,,,,,,,,,,,,,,,,,,,,,,
com94,U9zP2kC8,0183,Engineering and Precision Manufacturing,315,http://example183.asia,Zonder opwek,Overig,,,,,,,,,,,,,,,,,,,,,,,,,,,,,,,,,,,,,,,,,,,,,,,,,,,,,,,,,,,,,,,,,,,,,iets,t1,,,,,,,,,,,,,,,,,,,,,,
com98,W2pS9jG5,0187,Renewable Energy,385,http://example187.travel,Limiteren van gebruik,Overig,,,,,,,,,,,,,,,,,,,,,,,,,,,,,,,,,,,,,,,,,,,,,,,,,,,,,,,,,,,,,,,,,,,,,iets,t1,,,,,,,,,,,,,,,,,,,,,,
com106,3jE8gW6n,0194,Urban Planning and Technology,398,http://example194.edu,Beide,Overig,,,,,,,,,,,,,,,,,,,,,,,,,,,,,,,,,,,,,,,,,,,,,,,,,,,,,,,,,,,,,,,,,,,,,iets,t1,,,,,,,,,,,,,,,,,,,,,,
com115,dN5iK2sR,0201,Business Consulting,435,http://example201.tech,Uitstellen,Overig,,,,,,,,,,,,,,,,,,,,,,,,,,,,,,,,,,,,,,,,,,,,,,,,,,,,,,,,,,,,,,,,,,,,,iets,t1,,,,,,,,,,,,,,,,,,,,,,
com120,qT5sN8vD,0206,Investment and Venture Capital,247,http://example206.design,Limiteren van gebruik,Overig,,,,,,,,,,,,,,,,,,,,,,,,,,,,,,,,,,,,,,,,,,,,,,,,,,,,,,,,,,,,,,,,,,,,,iets,t1,,,,,,,,,,,,,,,,,,,,,,
com128,iM3hU8qD,0213,Renewable Energy Solutions,397,http://example213.zone,Limiteren van gebruik,Overig,,,,,,,,,,,,,,,,,,,,,,,,,,,,,,,,,,,,,,,,,,,,,,,,,,,,,,,,,,,,,,,,,,,,,iets,t1,,,,,,,,,,,,,,,,,,,,,,
com131,9bN7sH4l,0216,Urban Planning and Technology,329,http://example216.co,Naar voren schuiven,Overig,,,,,,,,,,,,,,,,,,,,,,,,,,,,,,,,,,,,,,,,,,,,,,,,,,,,,,,,,,,,,,,,,,,,,iets,t1,,,,,,,,,,,,,,,,,,,,,,
com138,7hA3oK8r,0222,Pharmaceutical Research and Development,384,http://example222.ca,Beide,Overig,,,,,,,,,,,,,,,,,,,,,,,,,,,,,,,,,,,,,,,,,,,,,,,,,,,,,,,,,,,,,,,,,,,,,iets,t1,,,,,,,,,,,,,,,,,,,,,,
com145,uN5lR3zH,0229,Manufacturing and Production,331,http://example229.travel,Beide,Overig,,,,,,,,,,,,,,,,,,,,,,,,,,,,,,,,,,,,,,,,,,,,,,,,,,,,,,,,,,,,,,,,,,,,,iets,t1,,,,,,,,,,,,,,,,,,,,,,
com151,oY6hN9zA,0234,Strategic Planning and Consulting,446,http://example234.int,Limiteren van gebruik,Overig,,,,,,,,,,,,,,,,,,,,,,,,,,,,,,,,,,,,,,,,,,,,,,,,,,,,,,,,,,,,,,,,,,,,,iets,t1,,,,,,,,,,,,,,,,,,,,,,
com160,uL5kR3vT,0242,Pharmaceutical Research and Development,393,http://example242.store,Uitstellen,Overig,,,,,,,,,,,,,,,,,,,,,,,,,,,,,,,,,,,,,,,,,,,,,,,,,,,,,,,,,,,,,,,,,,,,,iets,t1,,,,,,,,,,,,,,,,,,,,,,
com165,iR6kQ9cD,0247,Logistics and Transportation,282,http://example247.cloud,Met opwek,Overig,,,,,,,,,,,,,,,,,,,,,,,,,,,,,,,,,,,,,,,,,,,,,,,,,,,,,,,,,,,,,,,,,,,,,iets,t1,,,,,,,,,,,,,,,,,,,,,,
com171,iW3rS8fC,0026,Technology and Innovation,370,http://example26.edu,Beide,Overig,,,,,,,,,,,,,,,,,,,,,,,,,,,,,,,,,,,,,,,,,,,,,,,,,,,,,,,,,,,,,,,,,,,,,iets,t1,,,,,,,,,,,,,,,,,,,,,,
com183,pL4mV9dX,0003,Business Consulting,378,http://example3.org,Beide,Overig,,,,,,,,,,,,,,,,,,,,,,,,,,,,,,,,,,,,,,,,,,,,,,,,,,,,,,,,,,,,,,,,,,,,,iets,t1,,,,,,,,,,,,,,,,,,,,,,
com184,tE2wQ6nD,0030,Investment and Venture Capital,223,http://example30.web,Limiteren van gebruik,Overig,,,,,,,,,,,,,,,,,,,,,,,,,,,,,,,,,,,,,,,,,,,,,,,,,,,,,,,,,,,,,,,,,,,,,iets,t1,,,,,,,,,,,,,,,,,,,,,,
com205,wM6pB2tY,0037,Renewable Energy Solutions,318,http://example37.cloud,Mobiel (EV),Overig,,,,,,,,,,,,,,,,,,,,,,,,,,,,,,,,,,,,,,,,,,,,,,,,,,,,,,,,,,,,,,,,,,,,,iets,t1,,,,,,,,,,,,,,,,,,,,,,
com224,8fX6vH3m,0043,Electronics Manufacturing,269,http://example43.network,Limiteren van gebruik,Overig,,,,,,,,,,,,,,,,,,,,,,,,,,,,,,,,,,,,,,,,,,,,,,,,,,,,,,,,,,,,,,,,,,,,,iets,t1,,,,,,,,,,,,,,,,,,,,,,
com246,tR4oV2uJ,0050,IT Solutions,371,http://example50.name,Zonder opwek,Overig,,,,,,,,,,,,,,,,,,,,,,,,,,,,,,,,,,,,,,,,,,,,,,,,,,,,,,,,,,,,,,,,,,,,,iets,t1,,,,,,,,,,,,,,,,,,,,,,
com264,5eD9mF6w,0056,Biotechnology,273,http://example56.eu,Met opwek,Overig,,,,,,,,,,,,,,,,,,,,,,,,,,,,,,,,,,,,,,,,,,,,,,,,,,,,,,,,,,,,,,,,,,,,,iets,t1,,,,,,,,,,,,,,,,,,,,,,
com280,9zH5yW2l,0061,Research and Development,444,http://example61.travel,Limiteren van gebruik,Overig,,,,,,,,,,,,,,,,,,,,,,,,,,,,,,,,,,,,,,,,,,,,,,,,,,,,,,,,,,,,,,,,,,,,,iets,t1,,,,,,,,,,,,,,,,,,,,,,
com295,1cD5mG8z,0066,Pharmaceutical Research and Development,400,http://example66.int,Limiteren van gebruik,Overig,,,,,,,,,,,,,,,,,,,,,,,,,,,,,,,,,,,,,,,,,,,,,,,,,,,,,,,,,,,,,,,,,,,,,iets,t1,,,,,,,,,,,,,,,,,,,,,,
com306,9jH5wO8p,0073,Engineering and Precision Manufacturing,287,http://example73.online,Limiteren van gebruik,Overig,,,,,,,,,,,,,,,,,,,,,,,,,,,,,,,,,,,,,,,,,,,,,,,,,,,,,,,,,,,,,,,,,,,,,iets,t1,,,,,,,,,,,,,,,,,,,,,,
com314,zV1fC7sB,0080,Strategic Planning and Consulting,318,http://example80.design,Limiteren van gebruik,Overig,,,,,,,,,,,,,,,,,,,,,,,,,,,,,,,,,,,,,,,,,,,,,,,,,,,,,,,,,,,,,,,,,,,,,iets,t1,,,,,,,,,,,,,,,,,,,,,,
com320,3wS5fD9h,0086,Artificial Intelligence Solutions,345,http://example86.tech,Naar voren schuiven,Overig,,,,,,,,,,,,,,,,,,,,,,,,,,,,,,,,,,,,,,,,,,,,,,,,,,,,,,,,,,,,,,,,,,,,,iets,t1,,,,,,,,,,,,,,,,,,,,,,
com326,rT8qF5bN,0091,Business Consulting,410,http://example91.tv,Uitstellen,Overig,,,,,,,,,,,,,,,,,,,,,,,,,,,,,,,,,,,,,,,,,,,,,,,,,,,,,,,,,,,,,,,,,,,,,iets,t1,,,,,,,,,,,,,,,,,,,,,,
com332,pK1jL7wS,0097,Manufacturing and Production,290,http://example97.de,Beide,Overig,,,,,,,,,,,,,,,,,,,,,,,,,,,,,,,,,,,,,,,,,,,,,,,,,,,,,,,,,,,,,,,,,,,,,iets,t1,,,,,,,,,,,,,,,,,,,,,,
com7,1wV3pT9d,0104,Telecommunications,379,http://example104.xxx,Uitstellen,Warm water boiler,,,,,,,,,,,,,,,,,,,,,,,,,,,,,,,,,,,,,,,,,,,,,,,,,,,,,,,,,,,,,w15,89,5,45,65,192.168.x.x,www.987.nl,,,,,,,,,,,,,,,,,,,,,,,,,
com15,2yL8eW1n,0111,Electronics Manufacturing,212,http://example111.mil,Beide,Warm water boiler,,,,,,,,,,,,,,,,,,,,,,,,,,,,,,,,,,,,,,,,,,,,,,,,,,,,,,,,,,,,,w16,271,20,100,120,192.168.x.x,www.987.nl,,,,,,,,,,,,,,,,,,,,,,,,,
com25,5iS3wJ6v,0120,Software Development,433,http://example120.blog,Naar voren schuiven,Warm water boiler,,,,,,,,,,,,,,,,,,,,,,,,,,,,,,,,,,,,,,,,,,,,,,,,,,,,,,,,,,,,,w17,105,11,45,65,192.168.x.x,www.987.nl,,,,,,,,,,,,,,,,,,,,,,,,,
com32,P6zS9qD5,0127,Research and Development,361,http://example127.network,Limiteren van gebruik,Warm water boiler,,,,,,,,,,,,,,,,,,,,,,,,,,,,,,,,,,,,,,,,,,,,,,,,,,,,,,,,,,,,,w18,45,8,45,65,192.168.x.x,www.987.nl,,,,,,,,,,,,,,,,,,,,,,,,,
com39,oT5yE2sP,0133,Electronics Manufacturing,335,http://example133.tv,Uitstellen,Warm water boiler,,,,,,,,,,,,,,,,,,,,,,,,,,,,,,,,,,,,,,,,,,,,,,,,,,,,,,,,,,,,,w19,187,15,45,65,192.168.x.x,www.987.nl,,,,,,,,,,,,,,,,,,,,,,,,,
com44,wS2mR9kP,0138,IT Solutions,272,http://example138.ca,Naar voren schuiven,Warm water boiler,,,,,,,,,,,,,,,,,,,,,,,,,,,,,,,,,,,,,,,,,,,,,,,,,,,,,,,,,,,,,w20,139,12,45,65,192.168.x.x,www.987.nl,,,,,,,,,,,,,,,,,,,,,,,,,
com46,4eT2qO8l,0014,Strategic Planning and Consulting,218,http://example14.eu,Naar voren schuiven,Warm water boiler,,,,,,,,,,,,,,,,,,,,,,,,,,,,,,,,,,,,,,,,,,,,,,,,,,,,,,,,,,,,,w2,96,11,45,65,192.168.x.x,www.987.nl,,,,,,,,,,,,,,,,,,,,,,,,,
com54,3uN7zV5r,0147,Renewable Energy Solutions,365,http://example147.museum,Limiteren van gebruik,Warm water boiler,,,,,,,,,,,,,,,,,,,,,,,,,,,,,,,,,,,,,,,,,,,,,,,,,,,,,,,,,,,,,w21,82,6,45,65,192.168.x.x,www.987.nl,,,,,,,,,,,,,,,,,,,,,,,,,
com61,7sX5qV2t,0153,Electronics Manufacturing,391,http://example153.mil,Naar voren schuiven,Warm water boiler,,,,,,,,,,,,,,,,,,,,,,,,,,,,,,,,,,,,,,,,,,,,,,,,,,,,,,,,,,,,,w22,291,19,45,65,192.168.x.x,www.987.nl,,,,,,,,,,,,,,,,,,,,,,,,,
com70,7gY4cX5d,0161,Engineering and Precision Manufacturing,296,http://example161.site,Limiteren van gebruik,Warm water boiler,,,,,,,,,,,,,,,,,,,,,,,,,,,,,,,,,,,,,,,,,,,,,,,,,,,,,,,,,,,,,w23,168,14,45,65,192.168.x.x,www.987.nl,,,,,,,,,,,,,,,,,,,,,,,,,
com77,C2sV8dH6,0168,Strategic Planning and Consulting,416,http://example168.group,Uitstellen,Warm water boiler,,,,,,,,,,,,,,,,,,,,,,,,,,,,,,,,,,,,,,,,,,,,,,,,,,,,,,,,,,,,,w24,120,7,45,65,192.168.x.x,www.987.nl,,,,,,,,,,,,,,,,,,,,,,,,,
com87,6uK4wV1x,0177,Electronics Manufacturing,208,http://example177.us,Beide,Warm water boiler,,,,,,,,,,,,,,,,,,,,,,,,,,,,,,,,,,,,,,,,,,,,,,,,,,,,,,,,,,,,,w25,256,16,45,65,192.168.x.x,www.987.nl,,,,,,,,,,,,,,,,,,,,,,,,,
com93,1lG6fX3h,0182,IT Solutions,206,http://example182.eu,Uitstellen,Warm water boiler,,,,,,,,,,,,,,,,,,,,,,,,,,,,,,,,,,,,,,,,,,,,,,,,,,,,,,,,,,,,,w26,50,9,45,65,192.168.x.x,www.987.nl,,,,,,,,,,,,,,,,,,,,,,,,,
com102,4vN5uL2p,0190,Strategic Planning and Consulting,413,http://example190.aero,Naar voren schuiven,Warm water boiler,,,,,,,,,,,,,,,,,,,,,,,,,,,,,,,,,,,,,,,,,,,,,,,,,,,,,,,,,,,,,w27,237,13,75,95,192.168.x.x,www.987.nl,,,,,,,,,,,,,,,,,,,,,,,,,
com109,9yG8wN3k,0197,Electronics Manufacturing,359,http://example197.shop,Beide,Warm water boiler,,,,,,,,,,,,,,,,,,,,,,,,,,,,,,,,,,,,,,,,,,,,,,,,,,,,,,,,,,,,,w28,78,8,45,65,192.168.x.x,www.987.nl,,,,,,,,,,,,,,,,,,,,,,,,,
com122,J7lQ3yU4,0208,Software Development,372,http://example208.email,Limiteren van gebruik,Warm water boiler,,,,,,,,,,,,,,,,,,,,,,,,,,,,,,,,,,,,,,,,,,,,,,,,,,,,,,,,,,,,,w29,98,11,45,65,192.168.x.x,www.987.nl,,,,,,,,,,,,,,,,,,,,,,,,,
com124,1yP4xG7k,0021,Electronics Manufacturing,299,http://example21.museum,Beide,Warm water boiler,,,,,,,,,,,,,,,,,,,,,,,,,,,,,,,,,,,,,,,,,,,,,,,,,,,,,,,,,,,,,w3,57,8,45,65,192.168.x.x,www.987.nl,,,,,,,,,,,,,,,,,,,,,,,,,
com130,tF8vL6xY,0215,Research and Development,307,http://example215.biz,Naar voren schuiven,Warm water boiler,,,,,,,,,,,,,,,,,,,,,,,,,,,,,,,,,,,,,,,,,,,,,,,,,,,,,,,,,,,,,w30,265,18,150,180,192.168.x.x,www.987.nl,,,,,,,,,,,,,,,,,,,,,,,,,
com139,1pD2uX5w,0223,Business Consulting,434,http://example223.de,Uitstellen,Warm water boiler,,,,,,,,,,,,,,,,,,,,,,,,,,,,,,,,,,,,,,,,,,,,,,,,,,,,,,,,,,,,,w31,134,10,45,65,192.168.x.x,www.987.nl,,,,,,,,,,,,,,,,,,,,,,,,,
com147,8xP7jW4d,0230,Software Development,379,http://example230.xxx,Beide,Warm water boiler,,,,,,,,,,,,,,,,,,,,,,,,,,,,,,,,,,,,,,,,,,,,,,,,,,,,,,,,,,,,,w32,67,7,45,65,192.168.x.x,www.987.nl,,,,,,,,,,,,,,,,,,,,,,,,,
com155,1cN4hE7p,0238,Urban Planning and Technology,243,http://example238.mint,Limiteren van gebruik,Warm water boiler,,,,,,,,,,,,,,,,,,,,,,,,,,,,,,,,,,,,,,,,,,,,,,,,,,,,,,,,,,,,,w33,206,17,70,90,192.168.x.x,www.987.nl,,,,,,,,,,,,,,,,,,,,,,,,,
com167,aP5oU2rZ,0249,Engineering and Precision Manufacturing,330,http://example249.digital,Uitstellen,Warm water boiler,,,,,,,,,,,,,,,,,,,,,,,,,,,,,,,,,,,,,,,,,,,,,,,,,,,,,,,,,,,,,w34,154,13,45,65,192.168.x.x,www.987.nl,,,,,,,,,,,,,,,,,,,,,,,,,
com177,lN9jF2qV,0028,IT Solutions,315,http://example28.mint,Limiteren van gebruik,Warm water boiler,,,,,,,,,,,,,,,,,,,,,,,,,,,,,,,,,,,,,,,,,,,,,,,,,,,,,,,,,,,,,w4,278,19,45,65,192.168.x.x,www.987.nl,,,,,,,,,,,,,,,,,,,,,,,,,
com199,qP3rV7jX,0035,Information Technology Services,370,http://example35.site,Uitstellen,Warm water boiler,,,,,,,,,,,,,,,,,,,,,,,,,,,,,,,,,,,,,,,,,,,,,,,,,,,,,,,,,,,,,w5,145,6,45,65,192.168.x.x,www.987.nl,,,,,,,,,,,,,,,,,,,,,,,,,
com221,rT5sJ1cD,0042,Artificial Intelligence Solutions,365,http://example42.group,Beide,Warm water boiler,,,,,,,,,,,,,,,,,,,,,,,,,,,,,,,,,,,,,,,,,,,,,,,,,,,,,,,,,,,,,w6,221,12,45,65,192.168.x.x,www.987.nl,,,,,,,,,,,,,,,,,,,,,,,,,
com242,7kZ8eG6b,0049,Logistics and Transportation,225,http://example49.tv,Uitstellen,Warm water boiler,,,,,,,,,,,,,,,,,,,,,,,,,,,,,,,,,,,,,,,,,,,,,,,,,,,,,,,,,,,,,w7,75,9,45,65,192.168.x.x,www.987.nl,,,,,,,,,,,,,,,,,,,,,,,,,
com261,1lB7rV3j,0055,Renewable Energy,390,http://example55.de,Limiteren van gebruik,Warm water boiler,,,,,,,,,,,,,,,,,,,,,,,,,,,,,,,,,,,,,,,,,,,,,,,,,,,,,,,,,,,,,w8,109,14,45,65,192.168.x.x,www.987.nl,,,,,,,,,,,,,,,,,,,,,,,,,
com289,hX7jR2bL,0064,Artificial Intelligence Solutions,245,http://example64.aero,Beide,Warm water boiler,,,,,,,,,,,,,,,,,,,,,,,,,,,,,,,,,,,,,,,,,,,,,,,,,,,,,,,,,,,,,w9,248,17,85,95,192.168.x.x,www.987.nl,,,,,,,,,,,,,,,,,,,,,,,,,
com302,uM1yA6iX,0007,Engineering and Precision Manufacturing,291,http://example7.tv,Uitstellen,Warm water boiler,,,,,,,,,,,,,,,,,,,,,,,,,,,,,,,,,,,,,,,,,,,,,,,,,,,,,,,,,,,,,w1,184,15,45,65,192.168.x.x,www.987.nl,,,,,,,,,,,,,,,,,,,,,,,,,
com304,2lF9qR7e,0071,Logistics and Transportation,217,http://example71.shop,Uitstellen,Warm water boiler,,,,,,,,,,,,,,,,,,,,,,,,,,,,,,,,,,,,,,,,,,,,,,,,,,,,,,,,,,,,,w10,33,7,45,65,192.168.x.x,www.987.nl,,,,,,,,,,,,,,,,,,,,,,,,,
com309,7eW2oP9y,0076,Software Development,343,http://example76.app,Naar voren schuiven,Warm water boiler,,,,,,,,,,,,,,,,,,,,,,,,,,,,,,,,,,,,,,,,,,,,,,,,,,,,,,,,,,,,,w11,212,16,45,65,192.168.x.x,www.987.nl,,,,,,,,,,,,,,,,,,,,,,,,,
com318,1bL8zA3d,0084,Urban Planning and Technology,264,http://example84.group,Naar voren schuiven,Warm water boiler,,,,,,,,,,,,,,,,,,,,,,,,,,,,,,,,,,,,,,,,,,,,,,,,,,,,,,,,,,,,,w12,141,10,45,65,192.168.x.x,www.987.nl,,,,,,,,,,,,,,,,,,,,,,,,,
com323,oY9lH1nZ,0089,Electronics Manufacturing,234,http://example89.biz,Beide,Warm water boiler,,,,,,,,,,,,,,,,,,,,,,,,,,,,,,,,,,,,,,,,,,,,,,,,,,,,,,,,,,,,,w13,61,18,45,65,192.168.x.x,www.987.nl,,,,,,,,,,,,,,,,,,,,,,,,,
com330,mB5aW2rF,0095,Engineering and Precision Manufacturing,365,http://example95.co.uk,Limiteren van gebruik,Warm water boiler,,,,,,,,,,,,,,,,,,,,,,,,,,,,,,,,,,,,,,,,,,,,,,,,,,,,,,,,,,,,,w14,194,13,45,65,192.168.x.x,www.987.nl,,,,,,,,,,,,,,,,,,,,,,,,,
com1,gH7r2KtE,0001,Electronics Manufacturing,212,http://example1.com,Uitstellen,Warmtepomp,,,,,,,,,,,,,,,,,,,,,,,,,,,,,,,,,,,,,,,,,,,a1,1,20,20,08:00,17:00,19,21,192.168.x.x,www.987.nl,TRUE,FALSE,q1,10,1000,192.168.x.x,www.876.nl,None,,,,,,,,,,,,,,,,,,,,,,,,,,,,,,,,
com3,qO6vW4nJ,0100,Biotechnology,432,http://example100.jobs,Limiteren van gebruik,Warmtepomp,,,,,,,,,,,,,,,,,,,,,,,,,,,,,,,,,,,,,,,,,,,a22,4,10,40,08:00,17:00,40,50,192.168.x.x,www.987.nl,FALSE,FALSE,,,,,,,,,,,,,,,,,,,,,,,,,,,,,,,,,,,,,,
com9,7rA4xL9e,0106,Urban Planning and Technology,416,http://example106.aero,Uitstellen,Warmtepomp,,,,,,,,,,,,,,,,,,,,,,,,,,,,,,,,,,,,,,,,,,,a21,2,20,40,15:00,17:00,40,50,192.168.x.x,www.987.nl,TRUE,FALSE,q1,10,1000,192.168.x.x,www.876.nl,None,,,,,,,,,,,,,,,,,,,,,,,,,,,,,,,,
com18,1zB5cG8x,0114,Technology and Innovation,280,http://example114.web,Beide,Warmtepomp,,,,,,,,,,,,,,,,,,,,,,,,,,,,,,,,,,,,,,,,,,,a20,2,25,50,15:00,17:00,40,50,192.168.x.x,www.987.nl,TRUE,FALSE,q1,10,1000,192.168.x.x,www.876.nl,None,,,,,,,,,,,,,,,,,,,,,,,,,,,,,,,,
com29,2uW5zR8m,0124,Strategic Planning and Consulting,422,http://example124.email,Naar voren schuiven,Warmtepomp,,,,,,,,,,,,,,,,,,,,,,,,,,,,,,,,,,,,,,,,,,,a19,1,15,15,12:00,15:00,40,50,192.168.x.x,www.987.nl,TRUE,FALSE,q1,10,1000,192.168.x.x,www.876.nl,None,,,,,,,,,,,,,,,,,,,,,,,,,,,,,,,,
com33,yT3hX8kL,0128,Urban Planning and Technology,392,http://example128.tech,Limiteren van gebruik,Warmtepomp,,,,,,,,,,,,,,,,,,,,,,,,,,,,,,,,,,,,,,,,,,,a18,1,10,10,08:00,15:00,55,60,192.168.x.x,www.987.nl,TRUE,FALSE,q1,10,1000,192.168.x.x,www.876.nl,None,,,,,,,,,,,,,,,,,,,,,,,,,,,,,,,,
com48,2pV4sW9t,0141,Manufacturing and Production,435,http://example141.asia,Uitstellen,Warmtepomp,,,,,,,,,,,,,,,,,,,,,,,,,,,,,,,,,,,,,,,,,,,a17,1,20,20,12:00,15:00,55,60,192.168.x.x,www.987.nl,FALSE,FALSE,,,,,,,,,,,,,,,,,,,,,,,,,,,,,,,,,,,,,,
com50,iU9xQ6hF,0143,Renewable Energy,245,http://example143.pro,Naar voren schuiven,Warmtepomp,,,,,,,,,,,,,,,,,,,,,,,,,,,,,,,,,,,,,,,,,,,a16,1,10,10,08:00,15:00,55,60,192.168.x.x,www.987.nl,FALSE,FALSE,,,,,,,,,,,,,,,,,,,,,,,,,,,,,,,,,,,,,,
com56,qW2iL8mK,0149,Research and Development,365,http://example149.coop,Limiteren van gebruik,Warmtepomp,,,,,,,,,,,,,,,,,,,,,,,,,,,,,,,,,,,,,,,,,,,a15,4,20,80,12:00,17:00,20,22,192.168.x.x,www.987.nl,TRUE,FALSE,q1,10,1000,192.168.x.x,www.876.nl,None,,,,,,,,,,,,,,,,,,,,,,,,,,,,,,,,
com69,zV9pS8xH,0160,IT Solutions,311,http://example160.app,Naar voren schuiven,Warmtepomp,,,,,,,,,,,,,,,,,,,,,,,,,,,,,,,,,,,,,,,,,,,a14,5,18,90,11:00,15:00,20,22,192.168.x.x,www.987.nl,TRUE,FALSE,q1,10,1000,192.168.x.x,www.876.nl,None,,,,,,,,,,,,,,,,,,,,,,,,,,,,,,,,
com78,oP9bN5wE,0169,Renewable Energy Solutions,331,http://example169.network,Limiteren van gebruik,Warmtepomp,,,,,,,,,,,,,,,,,,,,,,,,,,,,,,,,,,,,,,,,,,,a13,2,10,20,11:00,17:00,20,22,192.168.x.x,www.987.nl,TRUE,FALSE,q1,10,1000,192.168.x.x,www.876.nl,None,,,,,,,,,,,,,,,,,,,,,,,,,,,,,,,,
com79,5dL7fX9s,0017,Research and Development,255,http://example17.pro,Beide,Warmtepomp,,,,,,,,,,,,,,,,,,,,,,,,,,,,,,,,,,,,,,,,,,,a33,4,20,80,08:00,17:00,19,21,192.168.x.x,www.987.nl,TRUE,FALSE,q1,10,1000,192.168.x.x,www.876.nl,None,,,,,,,,,,,,,,,,,,,,,,,,,,,,,,,,
com84,mJ3cH5nV,0174,Artificial Intelligence Solutions,271,http://example174.co,Uitstellen,Warmtepomp,,,,,,,,,,,,,,,,,,,,,,,,,,,,,,,,,,,,,,,,,,,a12,2,20,40,08:00,17:00,20,22,192.168.x.x,www.987.nl,FALSE,FALSE,,,,,,,,,,,,,,,,,,,,,,,,,,,,,,,,,,,,,,
com97,qH3dR8iJ,0186,Software Development,432,http://example186.tel,Beide,Warmtepomp,,,,,,,,,,,,,,,,,,,,,,,,,,,,,,,,,,,,,,,,,,,a11,1,10,20,11:00,17:00,20,22,192.168.x.x,www.987.nl,TRUE,FALSE,q1,10,1000,192.168.x.x,www.876.nl,None,,,,,,,,,,,,,,,,,,,,,,,,,,,,,,,,
com100,xG8yD7fH,0189,Information Technology Services,438,http://example189.museum,Uitstellen,Warmtepomp,,,,,,,,,,,,,,,,,,,,,,,,,,,,,,,,,,,,,,,,,,,a10,1,20,20,08:00,17:00,20,22,192.168.x.x,www.987.nl,TRUE,FALSE,q1,10,1000,192.168.x.x,www.876.nl,None,,,,,,,,,,,,,,,,,,,,,,,,,,,,,,,,
com114,1oU9vT7f,0200,Pharmaceutical Research and Development,254,http://example200.store,Naar voren schuiven,Warmtepomp,,,,,,,,,,,,,,,,,,,,,,,,,,,,,,,,,,,,,,,,,,,a9,1,15,15,09:00,15:00,20,22,192.168.x.x,www.987.nl,FALSE,FALSE,,,,,,,,,,,,,,,,,,,,,,,,,,,,,,,,,,,,,,
com117,oL4kU9dY,0203,Logistics and Transportation,427,http://example203.site,Beide,Warmtepomp,,,,,,,,,,,,,,,,,,,,,,,,,,,,,,,,,,,,,,,,,,,a8,1,25,25,08:00,17:00,20,22,192.168.x.x,www.987.nl,FALSE,FALSE,,,,,,,,,,,,,,,,,,,,,,,,,,,,,,,,,,,,,,
com125,3iN2jL8k,0210,Biotechnology,355,http://example210.group,Limiteren van gebruik,Warmtepomp,,,,,,,,,,,,,,,,,,,,,,,,,,,,,,,,,,,,,,,,,,,a7,3,25,75,09:00,17:00,20,22,192.168.x.x,www.987.nl,TRUE,FALSE,q1,10,1000,192.168.x.x,www.876.nl,None,,,,,,,,,,,,,,,,,,,,,,,,,,,,,,,,
com136,J6fS1gT8,0220,Pharmaceutical Research and Development,247,http://example220.mobi,Naar voren schuiven,Warmtepomp,,,,,,,,,,,,,,,,,,,,,,,,,,,,,,,,,,,,,,,,,,,a6,3,20,60,08:00,10:00,20,22,192.168.x.x,www.987.nl,TRUE,FALSE,q4,10,100,192.168.x.x,www.876.nl,None,,,,,,,,,,,,,,,,,,,,,,,,,,,,,,,,
com140,R9jG6sF4,0224,Technology and Innovation,312,http://example224.eu,Uitstellen,Warmtepomp,,,,,,,,,,,,,,,,,,,,,,,,,,,,,,,,,,,,,,,,,,,a5,2,40,40,08:00,17:00,20,22,192.168.x.x,www.987.nl,FALSE,FALSE,,,,,,,,,,,,,,,,,,,,,,,,,,,,,,,,,,,,,,
com146,tZ3aD8qO,0023,Electronics Manufacturing,218,http://example23.coop,Limiteren van gebruik,Warmtepomp,,,,,,,,,,,,,,,,,,,,,,,,,,,,,,,,,,,,,,,,,,,a32,1,20,20,09:00,17:00,19,21,192.168.x.x,www.987.nl,TRUE,FALSE,q1,10,1000,192.168.x.x,www.876.nl,None,,,,,,,,,,,,,,,,,,,,,,,,,,,,,,,,
com150,iK5vD2rJ,0233,Information Technology Services,293,http://example233.coop,Beide,Warmtepomp,,,,,,,,,,,,,,,,,,,,,,,,,,,,,,,,,,,,,,,,,,,a4,3,30,90,15:00,17:00,20,22,192.168.x.x,www.987.nl,TRUE,FALSE,q3,25,1000,192.168.x.x,www.876.nl,None,,,,,,,,,,,,,,,,,,,,,,,,,,,,,,,,
com154,jM2qU8wS,0237,Research and Development,378,http://example237.mil,Limiteren van gebruik,Warmtepomp,,,,,,,,,,,,,,,,,,,,,,,,,,,,,,,,,,,,,,,,,,,a3,1,20,20,10:00,17:00,20,22,192.168.x.x,www.987.nl,TRUE,FALSE,q2,20,250,192.168.x.x,www.876.nl,None,,,,,,,,,,,,,,,,,,,,,,,,,,,,,,,,
com162,8dH1iU6n,0244,Pharmaceutical Research and Development,392,http://example244.app,Uitstellen,Warmtepomp,,,,,,,,,,,,,,,,,,,,,,,,,,,,,,,,,,,,,,,,,,,a2,5,20,100,08:00,15:00,20,22,192.168.x.x,www.987.nl,FALSE,FALSE,,,,,,,,,,,,,,,,,,,,,,,,,,,,,,,,,,,,,,
com190,C8hR1iJ7,0032,Software Development,323,http://example32.store,Uitstellen,Warmtepomp,,,,,,,,,,,,,,,,,,,,,,,,,,,,,,,,,,,,,,,,,,,a31,1,25,25,08:00,16:00,19,21,192.168.x.x,www.987.nl,FALSE,FALSE,,,,,,,,,,,,,,,,,,,,,,,,,,,,,,,,,,,,,,
com202,oA9lN1eH,0036,Strategic Planning and Consulting,386,http://example36.blog,Beide,Warmtepomp,,,,,,,,,,,,,,,,,,,,,,,,,,,,,,,,,,,,,,,,,,,a30,2,10,20,09:00,16:00,19,21,192.168.x.x,www.987.nl,TRUE,FALSE,q1,10,1000,192.168.x.x,www.876.nl,None,,,,,,,,,,,,,,,,,,,,,,,,,,,,,,,,
com239,D5cS1pO4,0048,Technology and Innovation,313,http://example48.co,Uitstellen,Warmtepomp,,,,,,,,,,,,,,,,,,,,,,,,,,,,,,,,,,,,,,,,,,,a29,6,20,120,08:00,17:00,19,21,192.168.x.x,www.987.nl,FALSE,FALSE,,,,,,,,,,,,,,,,,,,,,,,,,,,,,,,,,,,,,,
com267,wY2oG7uS,0057,Information Technology Services,207,http://example57.asia,Limiteren van gebruik,Warmtepomp,,,,,,,,,,,,,,,,,,,,,,,,,,,,,,,,,,,,,,,,,,,a28,2,20,40,09:00,16:00,19,21,192.168.x.x,www.987.nl,TRUE,FALSE,q1,10,1000,192.168.x.x,www.876.nl,None,,,,,,,,,,,,,,,,,,,,,,,,,,,,,,,,
com283,mG1nE7aR,0062,Urban Planning and Technology,339,http://example62.xxx,Beide,Warmtepomp,,,,,,,,,,,,,,,,,,,,,,,,,,,,,,,,,,,,,,,,,,,a27,1,20,20,08:00,16:00,19,21,192.168.x.x,www.987.nl,FALSE,FALSE,,,,,,,,,,,,,,,,,,,,,,,,,,,,,,,,,,,,,,
com303,P6hZ3bA5,0070,Technology and Innovation,345,http://example70.mint,Uitstellen,Warmtepomp,,,,,,,,,,,,,,,,,,,,,,,,,,,,,,,,,,,,,,,,,,,a26,1,20,20,08:00,17:00,19,21,192.168.x.x,www.987.nl,TRUE,FALSE,q1,10,1000,192.168.x.x,www.876.nl,None,,,,,,,,,,,,,,,,,,,,,,,,,,,,,,,,
com312,5wG9hJ2a,0079,Information Technology Services,303,http://example79.cloud,Naar voren schuiven,Warmtepomp,,,,,,,,,,,,,,,,,,,,,,,,,,,,,,,,,,,,,,,,,,,a25,1,20,20,15:00,17:00,19,21,192.168.x.x,www.987.nl,FALSE,FALSE,,,,,,,,,,,,,,,,,,,,,,,,,,,,,,,,,,,,,,
com315,X8oK4iD3,0081,Renewable Energy Solutions,390,http://example81.digital,Naar voren schuiven,Warmtepomp,,,,,,,,,,,,,,,,,,,,,,,,,,,,,,,,,,,,,,,,,,,a24,3,12,36,15:00,17:00,40,50,192.168.x.x,www.987.nl,FALSE,FALSE,,,,,,,,,,,,,,,,,,,,,,,,,,,,,,,,,,,,,,
com324,dP4cL9xV,0009,Manufacturing and Production,339,http://example9.us,Naar voren schuiven,Warmtepomp,,,,,,,,,,,,,,,,,,,,,,,,,,,,,,,,,,,,,,,,,,,a34,2,20,40,08:00,16:00,19,21,192.168.x.x,www.987.nl,FALSE,FALSE,,,,,,,,,,,,,,,,,,,,,,,,,,,,,,,,,,,,,,
com328,9xJ3sP5l,0093,Logistics and Transportation,346,http://example93.us,Beide,Warmtepomp,,,,,,,,,,,,,,,,,,,,,,,,,,,,,,,,,,,,,,,,,,,a23,4,12,48,08:00,15:00,40,50,192.168.x.x,www.987.nl,TRUE,FALSE,q1,10,1000,192.168.x.x,www.876.nl,None,,,,,,,,,,,,,,,,,,,,,,,,,,,,,,,,
com335,aB3CdE7f,0400,Business Consulting,298,http://example99.asia,Limiteren van gebruik,Zonnepanelen,,,,,,,,,,,,,,,,,,,,,,,,,,,,,,,,,,,,,,,,,,,,,,,,,,,,,,,,,,,,,,,,,,,,,,,,,,,,,,,,,,,,,,,z1,150,50,192.168.x.x,www.987.nl,
com336,G8hIjK2l,0401,Technology and Innovation,301,http://example99.asia,Limiteren van gebruik,Zonnepanelen,,,,,,,,,,,,,,,,,,,,,,,,,,,,,,,,,,,,,,,,,,,,,,,,,,,,,,,,,,,,,,,,,,,,,,,,,,,,,,,,,,,,,,,z2,50,18,192.168.x.x,www.987.nl,
com337,mN4OpQ9r,0402,Logistics and Transportation,448,http://example99.asia,Limiteren van gebruik,Zonnepanelen,,,,,,,,,,,,,,,,,,,,,,,,,,,,,,,,,,,,,,,,,,,,,,,,,,,,,,,,,,,,,,,,,,,,,,,,,,,,,,,,,,,,,,,z3,600,200,192.168.x.x,www.987.nl,
com338,S5tUvW0x,0403,IT Solutions,287,http://example99.asia,Limiteren van gebruik,Zonnepanelen,,,,,,,,,,,,,,,,,,,,,,,,,,,,,,,,,,,,,,,,,,,,,,,,,,,,,,,,,,,,,,,,,,,,,,,,,,,,,,,,,,,,,,,z4,450,150,192.168.x.x,www.987.nl,
com339,yZ6ABcD3,0404,Engineering and Precision Manufacturing,282,http://example99.asia,Limiteren van gebruik,Zonnepanelen,,,,,,,,,,,,,,,,,,,,,,,,,,,,,,,,,,,,,,,,,,,,,,,,,,,,,,,,,,,,,,,,,,,,,,,,,,,,,,,,,,,,,,,z5,300,100,192.168.x.x,www.987.nl,
com340,E7FgH8Ij,0405,Investment and Venture Capital,394,http://example99.asia,Limiteren van gebruik,Zonnepanelen,,,,,,,,,,,,,,,,,,,,,,,,,,,,,,,,,,,,,,,,,,,,,,,,,,,,,,,,,,,,,,,,,,,,,,,,,,,,,,,,,,,,,,,z6,250,80,192.168.x.x,www.987.nl,
com341,kL2MnO4P,0406,Manufacturing and Production,323,http://example99.asia,Limiteren van gebruik,Zonnepanelen,,,,,,,,,,,,,,,,,,,,,,,,,,,,,,,,,,,,,,,,,,,,,,,,,,,,,,,,,,,,,,,,,,,,,,,,,,,,,,,,,,,,,,,z7,367,122,192.168.x.x,www.987.nl,
com342,qR9sT5uV,0407,Software Development,298,http://example99.asia,Limiteren van gebruik,Zonnepanelen,,,,,,,,,,,,,,,,,,,,,,,,,,,,,,,,,,,,,,,,,,,,,,,,,,,,,,,,,,,,,,,,,,,,,,,,,,,,,,,,,,,,,,,z8,451,150,192.168.x.x,www.987.nl,
com343,wX0YzA6B,0408,Renewable Energy,282,http://example99.asia,Limiteren van gebruik,Zonnepanelen,,,,,,,,,,,,,,,,,,,,,,,,,,,,,,,,,,,,,,,,,,,,,,,,,,,,,,,,,,,,,,,,,,,,,,,,,,,,,,,,,,,,,,,z9,800,250,192.168.x.x,www.987.nl,
com344,CdE7fG8h,0409,Business Consulting,444,http://example99.asia,Limiteren van gebruik,Zonnepanelen,,,,,,,,,,,,,,,,,,,,,,,,,,,,,,,,,,,,,,,,,,,,,,,,,,,,,,,,,,,,,,,,,,,,,,,,,,,,,,,,,,,,,,,z10,1200,400,192.168.x.x,www.987.nl,
com345,IjK2lM4n,0410,Technology and Innovation,287,http://example99.asia,Limiteren van gebruik,Zonnepanelen,,,,,,,,,,,,,,,,,,,,,,,,,,,,,,,,,,,,,,,,,,,,,,,,,,,,,,,,,,,,,,,,,,,,,,,,,,,,,,,,,,,,,,,z11,1300,425,192.168.x.x,www.987.nl,
com346,oPQ9rS5t,0411,Logistics and Transportation,301,http://example99.asia,Limiteren van gebruik,Zonnepanelen,,,,,,,,,,,,,,,,,,,,,,,,,,,,,,,,,,,,,,,,,,,,,,,,,,,,,,,,,,,,,,,,,,,,,,,,,,,,,,,,,,,,,,,z12,70,20,192.168.x.x,www.987.nl,
com347,UvW0xY6z,0412,IT Solutions,339,http://example99.asia,Limiteren van gebruik,Zonnepanelen,,,,,,,,,,,,,,,,,,,,,,,,,,,,,,,,,,,,,,,,,,,,,,,,,,,,,,,,,,,,,,,,,,,,,,,,,,,,,,,,,,,,,,,z13,40,10,192.168.x.x,www.987.nl,
com348,A5BcD3E7,0413,Engineering and Precision Manufacturing,298,http://example99.asia,Limiteren van gebruik,Zonnepanelen,,,,,,,,,,,,,,,,,,,,,,,,,,,,,,,,,,,,,,,,,,,,,,,,,,,,,,,,,,,,,,,,,,,,,,,,,,,,,,,,,,,,,,,z14,100,30,192.168.x.x,www.987.nl,
com349,FgH8IjK2,0414,Business Consulting,282,http://example99.asia,Limiteren van gebruik,Zonnepanelen,,,,,,,,,,,,,,,,,,,,,,,,,,,,,,,,,,,,,,,,,,,,,,,,,,,,,,,,,,,,,,,,,,,,,,,,,,,,,,,,,,,,,,,z15,190,65,192.168.x.x,www.987.nl,
com350,lMnO4PQ9,0415,Technology and Innovation,335,http://example99.asia,Limiteren van gebruik,Zonnepanelen,,,,,,,,,,,,,,,,,,,,,,,,,,,,,,,,,,,,,,,,,,,,,,,,,,,,,,,,,,,,,,,,,,,,,,,,,,,,,,,,,,,,,,,z16,160,60,192.168.x.x,www.987.nl,
com351,rS5tUvW0,0416,Logistics and Transportation,287,http://example99.asia,Limiteren van gebruik,Zonnepanelen,,,,,,,,,,,,,,,,,,,,,,,,,,,,,,,,,,,,,,,,,,,,,,,,,,,,,,,,,,,,,,,,,,,,,,,,,,,,,,,,,,,,,,,z17,311,100,192.168.x.x,www.987.nl,
com352,xY6zABcD,0417,IT Solutions,301,http://example99.asia,Limiteren van gebruik,Zonnepanelen,,,,,,,,,,,,,,,,,,,,,,,,,,,,,,,,,,,,,,,,,,,,,,,,,,,,,,,,,,,,,,,,,,,,,,,,,,,,,,,,,,,,,,,z18,300,100,192.168.x.x,www.987.nl,
com353,E7fG8hIj,0418,Engineering and Precision Manufacturing,245,http://example99.asia,Limiteren van gebruik,Zonnepanelen,,,,,,,,,,,,,,,,,,,,,,,,,,,,,,,,,,,,,,,,,,,,,,,,,,,,,,,,,,,,,,,,,,,,,,,,,,,,,,,,,,,,,,,z19,500,170,192.168.x.x,www.987.nl,
com354,K2lM4nO4,0419,Investment and Venture Capital,282,http://example99.asia,Limiteren van gebruik,Zonnepanelen,,,,,,,,,,,,,,,,,,,,,,,,,,,,,,,,,,,,,,,,,,,,,,,,,,,,,,,,,,,,,,,,,,,,,,,,,,,,,,,,,,,,,,,z20,687,229,192.168.x.x,www.987.nl,
com355,PQ9rS5tU,0420,Manufacturing and Production,298,http://example99.asia,Limiteren van gebruik,Zonnepanelen,,,,,,,,,,,,,,,,,,,,,,,,,,,,,,,,,,,,,,,,,,,,,,,,,,,,,,,,,,,,,,,,,,,,,,,,,,,,,,,,,,,,,,,z21,625,200,192.168.x.x,www.987.nl,
com356,vW0xY6zA,0421,Software Development,377,http://example99.asia,Limiteren van gebruik,Zonnepanelen,,,,,,,,,,,,,,,,,,,,,,,,,,,,,,,,,,,,,,,,,,,,,,,,,,,,,,,,,,,,,,,,,,,,,,,,,,,,,,,,,,,,,,,z22,852,284,192.168.x.x,www.987.nl,
com357,BcD3E7fG,0422,Renewable Energy,282,http://example99.asia,Limiteren van gebruik,Zonnepanelen,,,,,,,,,,,,,,,,,,,,,,,,,,,,,,,,,,,,,,,,,,,,,,,,,,,,,,,,,,,,,,,,,,,,,,,,,,,,,,,,,,,,,,,z23,471,157,192.168.x.x,www.987.nl,
com358,8hIjK2lM,0423,Business Consulting,301,http://example99.asia,Limiteren van gebruik,Zonnepanelen,,,,,,,,,,,,,,,,,,,,,,,,,,,,,,,,,,,,,,,,,,,,,,,,,,,,,,,,,,,,,,,,,,,,,,,,,,,,,,,,,,,,,,,z24,1100,365,192.168.x.x,www.987.nl,
com359,nO4PQ9rS,0424,Technology and Innovation,400,http://example99.asia,Limiteren van gebruik,Zonnepanelen,,,,,,,,,,,,,,,,,,,,,,,,,,,,,,,,,,,,,,,,,,,,,,,,,,,,,,,,,,,,,,,,,,,,,,,,,,,,,,,,,,,,,,,z25,963,321,192.168.x.x,www.987.nl,
com360,5tUvW0xY,0425,Logistics and Transportation,282,http://example99.asia,Limiteren van gebruik,Zonnepanelen,,,,,,,,,,,,,,,,,,,,,,,,,,,,,,,,,,,,,,,,,,,,,,,,,,,,,,,,,,,,,,,,,,,,,,,,,,,,,,,,,,,,,,,z26,321,107,192.168.x.x,www.987.nl,
com361,6zABcD3E,0426,IT Solutions,298,http://example99.asia,Limiteren van gebruik,Zonnepanelen,,,,,,,,,,,,,,,,,,,,,,,,,,,,,,,,,,,,,,,,,,,,,,,,,,,,,,,,,,,,,,,,,,,,,,,,,,,,,,,,,,,,,,,z27,125,40,192.168.x.x,www.987.nl,
com362,7fG8hIjK,0427,Engineering and Precision Manufacturing,206,http://example99.asia,Limiteren van gebruik,Zonnepanelen,,,,,,,,,,,,,,,,,,,,,,,,,,,,,,,,,,,,,,,,,,,,,,,,,,,,,,,,,,,,,,,,,,,,,,,,,,,,,,,,,,,,,,,z28,80,25,192.168.x.x,www.987.nl,
com363,lM4nO4PQ,0428,Business Consulting,282,http://example99.asia,Limiteren van gebruik,Zonnepanelen,,,,,,,,,,,,,,,,,,,,,,,,,,,,,,,,,,,,,,,,,,,,,,,,,,,,,,,,,,,,,,,,,,,,,,,,,,,,,,,,,,,,,,,z29,462,154,192.168.x.x,www.987.nl,
com364,9rS5tUvW,0429,Technology and Innovation,238,http://example99.asia,Limiteren van gebruik,Zonnepanelen,,,,,,,,,,,,,,,,,,,,,,,,,,,,,,,,,,,,,,,,,,,,,,,,,,,,,,,,,,,,,,,,,,,,,,,,,,,,,,,,,,,,,,,z30,350,115,192.168.x.x,www.987.nl,
com365,0xY6zABc,0430,Logistics and Transportation,435,http://example99.asia,Limiteren van gebruik,Zonnepanelen,,,,,,,,,,,,,,,,,,,,,,,,,,,,,,,,,,,,,,,,,,,,,,,,,,,,,,,,,,,,,,,,,,,,,,,,,,,,,,,,,,,,,,,z31,241,80,192.168.x.x,www.987.nl,
com366,D3E7fG8h,0431,IT Solutions,291,http://example99.asia,Limiteren van gebruik,Zonnepanelen,,,,,,,,,,,,,,,,,,,,,,,,,,,,,,,,,,,,,,,,,,,,,,,,,,,,,,,,,,,,,,,,,,,,,,,,,,,,,,,,,,,,,,,z32,280,90,192.168.x.x,www.987.nl,
com367,IjK2lM4n,0432,Engineering and Precision Manufacturing,345,http://example99.asia,Limiteren van gebruik,Zonnepanelen,,,,,,,,,,,,,,,,,,,,,,,,,,,,,,,,,,,,,,,,,,,,,,,,,,,,,,,,,,,,,,,,,,,,,,,,,,,,,,,,,,,,,,,z33,340,110,192.168.x.x,www.987.nl,
com368,O4PQ9rS5,0433,Investment and Venture Capital,217,http://example99.asia,Limiteren van gebruik,Zonnepanelen,,,,,,,,,,,,,,,,,,,,,,,,,,,,,,,,,,,,,,,,,,,,,,,,,,,,,,,,,,,,,,,,,,,,,,,,,,,,,,,,,,,,,,,z34,320,105,192.168.x.x,www.987.nl,
com369,tUvW0xY6,0434,Manufacturing and Production,388,http://example99.asia,Limiteren van gebruik,Zonnepanelen,,,,,,,,,,,,,,,,,,,,,,,,,,,,,,,,,,,,,,,,,,,,,,,,,,,,,,,,,,,,,,,,,,,,,,,,,,,,,,,,,,,,,,,z35,300,100,192.168.x.x,www.987.nl,
com370,zABcD3E7,0435,Software Development,287,http://example99.asia,Limiteren van gebruik,Zonnepanelen,,,,,,,,,,,,,,,,,,,,,,,,,,,,,,,,,,,,,,,,,,,,,,,,,,,,,,,,,,,,,,,,,,,,,,,,,,,,,,,,,,,,,,,z36,350,115,192.168.x.x,www.987.nl,
com371,fG8hIjK2,0436,Renewable Energy,312,http://example99.asia,Limiteren van gebruik,Zonnepanelen,,,,,,,,,,,,,,,,,,,,,,,,,,,,,,,,,,,,,,,,,,,,,,,,,,,,,,,,,,,,,,,,,,,,,,,,,,,,,,,,,,,,,,,z37,250,80,192.168.x.x,www.987.nl,
com372,lM4nO4PQ,0437,Business Consulting,284,http://example99.asia,Limiteren van gebruik,Zonnepanelen,,,,,,,,,,,,,,,,,,,,,,,,,,,,,,,,,,,,,,,,,,,,,,,,,,,,,,,,,,,,,,,,,,,,,,,,,,,,,,,,,,,,,,,z38,180,60,192.168.x.x,www.987.nl,
com373,9rS5tUvW,0438,Technology and Innovation,343,http://example99.asia,Limiteren van gebruik,Zonnepanelen,,,,,,,,,,,,,,,,,,,,,,,,,,,,,,,,,,,,,,,,,,,,,,,,,,,,,,,,,,,,,,,,,,,,,,,,,,,,,,,,,,,,,,,z39,210,70,192.168.x.x,www.987.nl,
com374,0xY6zABc,0439,Logistics and Transportation,434,http://example99.asia,Limiteren van gebruik,Zonnepanelen,,,,,,,,,,,,,,,,,,,,,,,,,,,,,,,,,,,,,,,,,,,,,,,,,,,,,,,,,,,,,,,,,,,,,,,,,,,,,,,,,,,,,,,z40,140,45,192.168.x.x,www.987.nl,
com375,D3E7fG8h,0440,IT Solutions,427,http://example99.asia,Limiteren van gebruik,Zonnepanelen,,,,,,,,,,,,,,,,,,,,,,,,,,,,,,,,,,,,,,,,,,,,,,,,,,,,,,,,,,,,,,,,,,,,,,,,,,,,,,,,,,,,,,,z41,120,40,192.168.x.x,www.987.nl,
com376,IjK2lM4n,0441,Engineering and Precision Manufacturing,303,http://example99.asia,Limiteren van gebruik,Zonnepanelen,,,,,,,,,,,,,,,,,,,,,,,,,,,,,,,,,,,,,,,,,,,,,,,,,,,,,,,,,,,,,,,,,,,,,,,,,,,,,,,,,,,,,,,z42,58,20,192.168.x.x,www.987.nl,
com377,O4PQ9rS5,0442,Business Consulting,314,http://example99.asia,Limiteren van gebruik,Zonnepanelen,,,,,,,,,,,,,,,,,,,,,,,,,,,,,,,,,,,,,,,,,,,,,,,,,,,,,,,,,,,,,,,,,,,,,,,,,,,,,,,,,,,,,,,z43,95,32,192.168.x.x,www.987.nl,
